-- MySQL Administrator dump 1.4
--
-- ------------------------------------------------------
-- Server version	5.1.30-community


/*!40101 SET @OLD_CHARACTER_SET_CLIENT=@@CHARACTER_SET_CLIENT */;
/*!40101 SET @OLD_CHARACTER_SET_RESULTS=@@CHARACTER_SET_RESULTS */;
/*!40101 SET @OLD_COLLATION_CONNECTION=@@COLLATION_CONNECTION */;
/*!40101 SET NAMES utf8 */;

/*!40014 SET @OLD_UNIQUE_CHECKS=@@UNIQUE_CHECKS, UNIQUE_CHECKS=0 */;
/*!40014 SET @OLD_FOREIGN_KEY_CHECKS=@@FOREIGN_KEY_CHECKS, FOREIGN_KEY_CHECKS=0 */;
/*!40101 SET @OLD_SQL_MODE=@@SQL_MODE, SQL_MODE='NO_AUTO_VALUE_ON_ZERO' */;


--
-- Create schema e_emergency
--

CREATE DATABASE /*!32312 IF NOT EXISTS*/ e_emergency;
USE e_emergency;

--
-- Table structure for table `e_emergency`.`ee_doctor_ratings`
--

DROP TABLE IF EXISTS `ee_doctor_ratings`;
CREATE TABLE `ee_doctor_ratings` (
  `id` bigint(20) NOT NULL AUTO_INCREMENT,
  `logChangedBy` varchar(32) DEFAULT NULL,
  `logChangedOn` datetime DEFAULT NULL,
  `logCreatedBy` varchar(32) DEFAULT NULL,
  `logCreatedOn` datetime DEFAULT NULL,
  `logSaveTimes` int(11) DEFAULT NULL,
  `raterId` varchar(40) DEFAULT NULL,
  `rating` int(11) DEFAULT NULL,
  `remarks` varchar(255) DEFAULT NULL,
  `doctor_id` bigint(20) DEFAULT NULL,
  PRIMARY KEY (`id`),
  KEY `FKFA45B8D55C3478B3` (`doctor_id`),
  CONSTRAINT `FKFA45B8D55C3478B3` FOREIGN KEY (`doctor_id`) REFERENCES `ee_doctors` (`id`)
) ENGINE=InnoDB DEFAULT CHARSET=latin1;

--
-- Dumping data for table `e_emergency`.`ee_doctor_ratings`
--

/*!40000 ALTER TABLE `ee_doctor_ratings` DISABLE KEYS */;
/*!40000 ALTER TABLE `ee_doctor_ratings` ENABLE KEYS */;


--
-- Table structure for table `e_emergency`.`ee_doctors`
--

DROP TABLE IF EXISTS `ee_doctors`;
CREATE TABLE `ee_doctors` (
  `id` bigint(20) NOT NULL AUTO_INCREMENT,
  `active` bit(1) DEFAULT NULL,
  `address` varchar(255) DEFAULT NULL,
  `code` varchar(8) DEFAULT NULL,
  `email` varchar(32) DEFAULT NULL,
  `fax` varchar(16) DEFAULT NULL,
  `logChangedBy` varchar(32) DEFAULT NULL,
  `logChangedOn` datetime DEFAULT NULL,
  `logCreatedBy` varchar(32) DEFAULT NULL,
  `logCreatedOn` datetime DEFAULT NULL,
  `logSaveTimes` int(11) DEFAULT NULL,
  `name` varchar(64) DEFAULT NULL,
  `partnership` bit(1) DEFAULT NULL,
  `phone` varchar(16) DEFAULT NULL,
  `photo` longblob,
  `photoName` varchar(255) DEFAULT NULL,
  `strDate` date DEFAULT NULL,
  `strNumber` varchar(32) DEFAULT NULL,
  `totalRater` int(11) DEFAULT NULL,
  `totalRating` int(11) DEFAULT NULL,
  `website` varchar(48) DEFAULT NULL,
  `zipCode` varchar(5) DEFAULT NULL,
  `province_id` bigint(20) DEFAULT NULL,
  `regency_id` bigint(20) DEFAULT NULL,
  `specialist_id` bigint(20) DEFAULT NULL,
  `user_id` bigint(20) DEFAULT NULL,
  PRIMARY KEY (`id`),
  KEY `FKD98BA69543C44CF7` (`province_id`),
  KEY `FKD98BA695309752F3` (`specialist_id`),
  KEY `FKD98BA695676C93FD` (`regency_id`),
  KEY `FKD98BA69560CAE997` (`user_id`),
  CONSTRAINT `FKD98BA69560CAE997` FOREIGN KEY (`user_id`) REFERENCES `util_users` (`id`),
  CONSTRAINT `FKD98BA695309752F3` FOREIGN KEY (`specialist_id`) REFERENCES `ee_specialists` (`id`),
  CONSTRAINT `FKD98BA69543C44CF7` FOREIGN KEY (`province_id`) REFERENCES `util_provinces` (`id`),
  CONSTRAINT `FKD98BA695676C93FD` FOREIGN KEY (`regency_id`) REFERENCES `util_regencies` (`id`)
) ENGINE=InnoDB AUTO_INCREMENT=21 DEFAULT CHARSET=latin1;

--
-- Dumping data for table `e_emergency`.`ee_doctors`
--

/*!40000 ALTER TABLE `ee_doctors` DISABLE KEYS */;
INSERT INTO `ee_doctors` (`id`,`active`,`address`,`code`,`email`,`fax`,`logChangedBy`,`logChangedOn`,`logCreatedBy`,`logCreatedOn`,`logSaveTimes`,`name`,`partnership`,`phone`,`photo`,`photoName`,`strDate`,`strNumber`,`totalRater`,`totalRating`,`website`,`zipCode`,`province_id`,`regency_id`,`specialist_id`,`user_id`) VALUES 
 (1,'','','D001','email@email.com','','admin','2015-04-17 00:16:53','',NULL,3,'Karuniawan Purwanto, Dr., SpBO (K)','','',NULL,'',NULL,'D001',0,0,'www.website.com','',13,192,3,4),
 (2,'','','D002','email@email.com','','admin','2015-04-16 16:19:48','',NULL,1,'Dohar Tobing, Dr., SpBO','\0','',NULL,'',NULL,'D002',0,0,'www.website.com','',13,192,3,NULL),
 (3,'','','D003','email@email.com','','admin','2015-04-16 16:19:48','',NULL,1,'Rahim Purba, Dr. SpBS','\0','',NULL,'',NULL,'D003',0,0,'www.website.com','',13,192,5,NULL),
 (4,'','','D004','email@email.com','','admin','2015-04-16 16:19:48','',NULL,1,'Nia Yuliatri, Dr., MKes, SpBS','\0','',NULL,'',NULL,'D004',0,0,'www.website.com','',13,192,5,NULL),
 (5,'','','D005','email@email.com','','admin','2015-04-16 16:19:48','',NULL,1,'Henry Boyke Sitompul, Dr., SpB','\0','',NULL,'',NULL,'D005',0,0,'www.website.com','',13,192,8,NULL);
INSERT INTO `ee_doctors` (`id`,`active`,`address`,`code`,`email`,`fax`,`logChangedBy`,`logChangedOn`,`logCreatedBy`,`logCreatedOn`,`logSaveTimes`,`name`,`partnership`,`phone`,`photo`,`photoName`,`strDate`,`strNumber`,`totalRater`,`totalRating`,`website`,`zipCode`,`province_id`,`regency_id`,`specialist_id`,`user_id`) VALUES 
 (6,'','','D006','email@email.com','','admin','2015-04-16 16:19:48','',NULL,1,'Tommy Halauwet, Dr., SpB','\0','',NULL,'',NULL,'D006',0,0,'www.website.com','',13,192,8,NULL),
 (7,'','','D007','email@email.com','','admin','2015-04-16 16:19:48','',NULL,1,'dr. Achmad Basuki,Sp.OT','\0','',NULL,'',NULL,'D007',0,0,'www.website.com','',13,191,3,NULL),
 (8,'','','D008','email@email.com','','admin','2015-04-16 16:19:48','',NULL,1,'dr.Firdaus,Sp.BS','\0','',NULL,'',NULL,'D008',0,0,'www.website.com','',13,191,5,NULL),
 (9,'','','D009','email@email.com','','admin','2015-04-16 16:19:48','',NULL,1,'dr. Hari P., Sp.BS.','\0','',NULL,'',NULL,'D009',0,0,'www.website.com','',13,191,5,NULL),
 (10,'','','D010','email@email.com','','admin','2015-04-16 16:19:48','',NULL,1,'dr. Ati, Sp.BThorax','\0','',NULL,'',NULL,'D010',0,0,'www.website.com','',13,191,6,NULL);
INSERT INTO `ee_doctors` (`id`,`active`,`address`,`code`,`email`,`fax`,`logChangedBy`,`logChangedOn`,`logCreatedBy`,`logCreatedOn`,`logSaveTimes`,`name`,`partnership`,`phone`,`photo`,`photoName`,`strDate`,`strNumber`,`totalRater`,`totalRating`,`website`,`zipCode`,`province_id`,`regency_id`,`specialist_id`,`user_id`) VALUES 
 (11,'','','D011','email@email.com','','admin','2015-04-16 16:19:48','',NULL,1,'dr. Devi Arofah, SpKK','\0','',NULL,'',NULL,'D011',0,0,'www.website.com','',13,193,13,NULL),
 (12,'','','D012','email@email.com','','admin','2015-04-16 16:19:48','',NULL,1,'dr. I Ketut Sukarata, SpKK','\0','',NULL,'',NULL,'D012',0,0,'www.website.com','',13,193,13,NULL),
 (13,'','','D013','email@email.com','','admin','2015-04-16 16:19:48','',NULL,1,'dr. Harry Syarif, SpOG','\0','',NULL,'',NULL,'D013',0,0,'www.website.com','',13,193,15,NULL),
 (14,'','','D014','email@email.com','','admin','2015-04-16 16:19:48','',NULL,1,'dr. Setyo Hermanto, SpOG','\0','',NULL,'',NULL,'D014',0,0,'www.website.com','',13,193,15,NULL),
 (15,'','','D015','email@email.com','','admin','2015-04-16 16:19:48','',NULL,1,'dr. Caecillia Arimah, SpP','\0','',NULL,'',NULL,'D015',0,0,'www.website.com','',13,193,19,NULL);
INSERT INTO `ee_doctors` (`id`,`active`,`address`,`code`,`email`,`fax`,`logChangedBy`,`logChangedOn`,`logCreatedBy`,`logCreatedOn`,`logSaveTimes`,`name`,`partnership`,`phone`,`photo`,`photoName`,`strDate`,`strNumber`,`totalRater`,`totalRating`,`website`,`zipCode`,`province_id`,`regency_id`,`specialist_id`,`user_id`) VALUES 
 (16,'','','D016','email@email.com','','admin','2015-04-16 16:19:48','',NULL,1,'dr. Dwi S. Andriasari, SpP','\0','',NULL,'',NULL,'D016',0,0,'www.website.com','',13,193,19,NULL),
 (17,'','','D017','email@email.com','','admin','2015-04-16 16:19:48','',NULL,1,'dr. Anita Gunawan, MS,Sp','\0','',NULL,'',NULL,'D017',0,0,'www.website.com','',13,192,28,NULL),
 (18,'','','D018','email@email.com','','admin','2015-04-16 16:19:48','',NULL,1,'dr. Liliani Wahyu, SpM','\0','',NULL,'',NULL,'D018',0,0,'www.website.com','',13,192,14,NULL),
 (19,'','','D019','email@email.com','','admin','2015-04-16 16:19:48','',NULL,1,'dr. Elfrita, Sp.AK','\0','',NULL,'',NULL,'D019',0,0,'www.website.com','',13,193,29,NULL),
 (20,'','','D020','email@email.com','','admin','2015-04-16 16:19:48','',NULL,1,'dr. Winda Fibrita','\0','',NULL,'',NULL,'D020',0,0,'www.website.com','',13,193,29,NULL);
/*!40000 ALTER TABLE `ee_doctors` ENABLE KEYS */;


--
-- Table structure for table `e_emergency`.`ee_hospital_galleries`
--

DROP TABLE IF EXISTS `ee_hospital_galleries`;
CREATE TABLE `ee_hospital_galleries` (
  `id` bigint(20) NOT NULL AUTO_INCREMENT,
  `label` varchar(32) DEFAULT NULL,
  `logChangedBy` varchar(32) DEFAULT NULL,
  `logChangedOn` datetime DEFAULT NULL,
  `logCreatedBy` varchar(32) DEFAULT NULL,
  `logCreatedOn` datetime DEFAULT NULL,
  `logSaveTimes` int(11) DEFAULT NULL,
  `photo` longblob,
  `photoName` varchar(255) DEFAULT NULL,
  `hospital_id` bigint(20) DEFAULT NULL,
  PRIMARY KEY (`id`),
  KEY `FK534B69AA9A072C93` (`hospital_id`),
  CONSTRAINT `FK534B69AA9A072C93` FOREIGN KEY (`hospital_id`) REFERENCES `ee_hospitals` (`id`)
) ENGINE=InnoDB DEFAULT CHARSET=latin1;

--
-- Dumping data for table `e_emergency`.`ee_hospital_galleries`
--

/*!40000 ALTER TABLE `ee_hospital_galleries` DISABLE KEYS */;
/*!40000 ALTER TABLE `ee_hospital_galleries` ENABLE KEYS */;


--
-- Table structure for table `e_emergency`.`ee_hospital_partnerships`
--

DROP TABLE IF EXISTS `ee_hospital_partnerships`;
CREATE TABLE `ee_hospital_partnerships` (
  `id` bigint(20) NOT NULL AUTO_INCREMENT,
  `logChangedBy` varchar(32) DEFAULT NULL,
  `logChangedOn` datetime DEFAULT NULL,
  `logCreatedBy` varchar(32) DEFAULT NULL,
  `logCreatedOn` datetime DEFAULT NULL,
  `logSaveTimes` int(11) DEFAULT NULL,
  `name` varchar(64) DEFAULT NULL,
  `hospital_id` bigint(20) DEFAULT NULL,
  PRIMARY KEY (`id`),
  KEY `FKBD4F3D759A072C93` (`hospital_id`),
  CONSTRAINT `FKBD4F3D759A072C93` FOREIGN KEY (`hospital_id`) REFERENCES `ee_hospitals` (`id`)
) ENGINE=InnoDB AUTO_INCREMENT=4 DEFAULT CHARSET=latin1;

--
-- Dumping data for table `e_emergency`.`ee_hospital_partnerships`
--

/*!40000 ALTER TABLE `ee_hospital_partnerships` DISABLE KEYS */;
INSERT INTO `ee_hospital_partnerships` (`id`,`logChangedBy`,`logChangedOn`,`logCreatedBy`,`logCreatedOn`,`logSaveTimes`,`name`,`hospital_id`) VALUES 
 (1,NULL,NULL,'admin','2015-04-16 23:12:47',0,'Partnership 1',3),
 (2,NULL,NULL,'admin','2015-04-16 23:12:50',0,'Partnership 2',3),
 (3,NULL,NULL,'admin','2015-04-16 23:12:53',0,'Partnership 3',3);
/*!40000 ALTER TABLE `ee_hospital_partnerships` ENABLE KEYS */;


--
-- Table structure for table `e_emergency`.`ee_hospital_ratings`
--

DROP TABLE IF EXISTS `ee_hospital_ratings`;
CREATE TABLE `ee_hospital_ratings` (
  `id` bigint(20) NOT NULL AUTO_INCREMENT,
  `logChangedBy` varchar(32) DEFAULT NULL,
  `logChangedOn` datetime DEFAULT NULL,
  `logCreatedBy` varchar(32) DEFAULT NULL,
  `logCreatedOn` datetime DEFAULT NULL,
  `logSaveTimes` int(11) DEFAULT NULL,
  `raterId` varchar(40) DEFAULT NULL,
  `rating` int(11) DEFAULT NULL,
  `remarks` varchar(255) DEFAULT NULL,
  `hospital_id` bigint(20) DEFAULT NULL,
  PRIMARY KEY (`id`),
  KEY `FK8D8A77309A072C93` (`hospital_id`),
  CONSTRAINT `FK8D8A77309A072C93` FOREIGN KEY (`hospital_id`) REFERENCES `ee_hospitals` (`id`)
) ENGINE=InnoDB DEFAULT CHARSET=latin1;

--
-- Dumping data for table `e_emergency`.`ee_hospital_ratings`
--

/*!40000 ALTER TABLE `ee_hospital_ratings` DISABLE KEYS */;
/*!40000 ALTER TABLE `ee_hospital_ratings` ENABLE KEYS */;


--
-- Table structure for table `e_emergency`.`ee_hospital_room_classes`
--

DROP TABLE IF EXISTS `ee_hospital_room_classes`;
CREATE TABLE `ee_hospital_room_classes` (
  `id` bigint(20) NOT NULL AUTO_INCREMENT,
  `logChangedBy` varchar(32) DEFAULT NULL,
  `logChangedOn` datetime DEFAULT NULL,
  `logCreatedBy` varchar(32) DEFAULT NULL,
  `logCreatedOn` datetime DEFAULT NULL,
  `logSaveTimes` int(11) DEFAULT NULL,
  `photo` longblob,
  `photoName` varchar(255) DEFAULT NULL,
  `price` double DEFAULT NULL,
  `hospital_id` bigint(20) DEFAULT NULL,
  `roomClass_id` bigint(20) DEFAULT NULL,
  `availableRoom` int(11) DEFAULT NULL,
  `totalRoom` int(11) DEFAULT NULL,
  PRIMARY KEY (`id`),
  KEY `FK7B4544483FA83A81` (`roomClass_id`),
  KEY `FK7B4544489A072C93` (`hospital_id`),
  CONSTRAINT `FK7B4544483FA83A81` FOREIGN KEY (`roomClass_id`) REFERENCES `ee_room_classes` (`id`),
  CONSTRAINT `FK7B4544489A072C93` FOREIGN KEY (`hospital_id`) REFERENCES `ee_hospitals` (`id`)
) ENGINE=InnoDB AUTO_INCREMENT=26 DEFAULT CHARSET=latin1;

--
-- Dumping data for table `e_emergency`.`ee_hospital_room_classes`
--

/*!40000 ALTER TABLE `ee_hospital_room_classes` DISABLE KEYS */;
INSERT INTO `ee_hospital_room_classes` (`id`,`logChangedBy`,`logChangedOn`,`logCreatedBy`,`logCreatedOn`,`logSaveTimes`,`photo`,`photoName`,`price`,`hospital_id`,`roomClass_id`,`availableRoom`,`totalRoom`) VALUES 
 (1,'admin','2015-04-16 22:12:51','admin','2015-04-17 05:09:22',1,NULL,'',2500000,1,1,10,10),
 (2,'admin','2015-04-16 22:12:51','admin','2015-04-17 05:09:46',1,NULL,'',1500000,1,2,20,20),
 (3,'admin','2015-04-16 22:12:51','admin','2015-04-17 05:10:13',1,NULL,'',750000,1,3,20,20),
 (4,'admin','2015-04-16 22:12:51','admin','2015-04-17 05:10:38',1,NULL,'',500000,1,4,10,10),
 (5,'admin','2015-04-16 22:12:51','admin','2015-04-17 05:10:50',1,NULL,'',300000,1,5,10,10),
 (6,'admin','2015-04-16 22:12:51','',NULL,1,NULL,'',2500000,2,1,10,10),
 (7,'admin','2015-04-16 22:12:51','',NULL,1,NULL,'',1500000,2,2,20,20),
 (8,'admin','2015-04-16 22:12:51','',NULL,1,NULL,'',750000,2,3,20,20),
 (9,'admin','2015-04-16 22:12:51','',NULL,1,NULL,'',500000,2,4,10,10),
 (10,'admin','2015-04-16 22:12:51','',NULL,1,NULL,'',300000,2,5,10,10),
 (11,'admin','2015-04-16 22:12:51','',NULL,1,NULL,'',2500000,3,1,10,10);
INSERT INTO `ee_hospital_room_classes` (`id`,`logChangedBy`,`logChangedOn`,`logCreatedBy`,`logCreatedOn`,`logSaveTimes`,`photo`,`photoName`,`price`,`hospital_id`,`roomClass_id`,`availableRoom`,`totalRoom`) VALUES 
 (12,'admin','2015-04-16 22:12:51','',NULL,1,NULL,'',1500000,3,2,20,20),
 (13,'admin','2015-04-16 22:12:51','',NULL,1,NULL,'',750000,3,3,20,20),
 (14,'admin','2015-04-16 22:31:11','',NULL,2,NULL,'',500000,3,4,0,10),
 (15,'admin','2015-04-16 22:12:51','',NULL,1,NULL,'',300000,3,5,10,10),
 (16,'admin','2015-04-16 22:12:51','',NULL,1,NULL,'',2500000,4,1,10,10),
 (17,'admin','2015-04-16 22:12:51','',NULL,1,NULL,'',1500000,4,2,20,20),
 (18,'admin','2015-04-16 22:12:51','',NULL,1,NULL,'',750000,4,3,20,20),
 (19,'admin','2015-04-16 22:12:51','',NULL,1,NULL,'',500000,4,4,10,10),
 (20,'admin','2015-04-16 22:12:51','',NULL,1,NULL,'',300000,4,5,10,10),
 (21,'admin','2015-04-16 22:12:51','',NULL,1,NULL,'',2500000,5,1,10,10),
 (22,'admin','2015-04-16 22:12:51','',NULL,1,NULL,'',1500000,5,2,20,20),
 (23,'admin','2015-04-16 22:12:51','',NULL,1,NULL,'',750000,5,3,20,20);
INSERT INTO `ee_hospital_room_classes` (`id`,`logChangedBy`,`logChangedOn`,`logCreatedBy`,`logCreatedOn`,`logSaveTimes`,`photo`,`photoName`,`price`,`hospital_id`,`roomClass_id`,`availableRoom`,`totalRoom`) VALUES 
 (24,'admin','2015-04-16 22:12:51','',NULL,1,NULL,'',500000,5,4,10,10),
 (25,'admin','2015-04-16 22:12:51','',NULL,1,NULL,'',300000,5,5,10,10);
/*!40000 ALTER TABLE `ee_hospital_room_classes` ENABLE KEYS */;


--
-- Table structure for table `e_emergency`.`ee_hospital_types`
--

DROP TABLE IF EXISTS `ee_hospital_types`;
CREATE TABLE `ee_hospital_types` (
  `id` bigint(20) NOT NULL AUTO_INCREMENT,
  `code` varchar(8) DEFAULT NULL,
  `logChangedBy` varchar(32) DEFAULT NULL,
  `logChangedOn` datetime DEFAULT NULL,
  `logCreatedBy` varchar(32) DEFAULT NULL,
  `logCreatedOn` datetime DEFAULT NULL,
  `logSaveTimes` int(11) DEFAULT NULL,
  `name` varchar(32) DEFAULT NULL,
  PRIMARY KEY (`id`)
) ENGINE=InnoDB AUTO_INCREMENT=22 DEFAULT CHARSET=latin1;

--
-- Dumping data for table `e_emergency`.`ee_hospital_types`
--

/*!40000 ALTER TABLE `ee_hospital_types` DISABLE KEYS */;
INSERT INTO `ee_hospital_types` (`id`,`code`,`logChangedBy`,`logChangedOn`,`logCreatedBy`,`logCreatedOn`,`logSaveTimes`,`name`) VALUES 
 (1,'HT01','admin','2015-04-16 16:19:48','',NULL,1,'Anak & Bunda'),
 (2,'HT02','admin','2015-04-16 16:19:48','',NULL,1,'Bersalin'),
 (3,'HT03','admin','2015-04-16 16:19:48','',NULL,1,'Ibu & Anak'),
 (4,'HT04','admin','2015-04-16 16:19:48','',NULL,1,'Jantung'),
 (5,'HT05','admin','2015-04-16 16:19:48','',NULL,1,'Jiwa'),
 (6,'HT06','admin','2015-04-16 16:19:48','',NULL,1,'Ketergantungan Obat'),
 (7,'HT07','admin','2015-04-16 16:19:48','',NULL,1,'Kanker'),
 (8,'HT08','admin','2015-04-16 16:19:48','',NULL,1,'Khusus Anak'),
 (9,'HT09','admin','2015-04-16 16:19:48','',NULL,1,'Khusus Bedah'),
 (10,'HT10','admin','2015-04-16 16:19:48','',NULL,1,'Khusus Gigi & Mulut'),
 (11,'HT11','admin','2015-04-16 16:19:48','',NULL,1,'Khusus Ginjal'),
 (12,'HT12','admin','2015-04-16 16:19:48','',NULL,1,'Khusus Otak'),
 (13,'HT13','admin','2015-04-16 16:19:48','',NULL,1,'Khusus Penyakit Dalam'),
 (14,'HT14','admin','2015-04-16 16:19:48','',NULL,1,'Khusus THT');
INSERT INTO `ee_hospital_types` (`id`,`code`,`logChangedBy`,`logChangedOn`,`logCreatedBy`,`logCreatedOn`,`logSaveTimes`,`name`) VALUES 
 (15,'HT15','admin','2015-04-16 16:19:48','',NULL,1,'Kusta'),
 (16,'HT16','admin','2015-04-16 16:19:48','',NULL,1,'Mata'),
 (17,'HT17','admin','2015-04-16 16:19:48','',NULL,1,'Orthopedi'),
 (18,'HT18','admin','2015-04-16 16:19:48','',NULL,1,'Penyakit Infeksi'),
 (19,'HT19','admin','2015-04-16 16:19:48','',NULL,1,'Stroke'),
 (20,'HT20','admin','2015-04-16 16:19:48','',NULL,1,'Tuberkulosa Paru'),
 (21,'HT21','admin','2015-04-16 16:19:48','',NULL,1,'Umum');
/*!40000 ALTER TABLE `ee_hospital_types` ENABLE KEYS */;


--
-- Table structure for table `e_emergency`.`ee_hospitals`
--

DROP TABLE IF EXISTS `ee_hospitals`;
CREATE TABLE `ee_hospitals` (
  `id` bigint(20) NOT NULL AUTO_INCREMENT,
  `address` varchar(255) DEFAULT NULL,
  `code` varchar(8) DEFAULT NULL,
  `email` varchar(32) DEFAULT NULL,
  `fax` varchar(16) DEFAULT NULL,
  `logChangedBy` varchar(32) DEFAULT NULL,
  `logChangedOn` datetime DEFAULT NULL,
  `logCreatedBy` varchar(32) DEFAULT NULL,
  `logCreatedOn` datetime DEFAULT NULL,
  `logSaveTimes` int(11) DEFAULT NULL,
  `name` varchar(64) DEFAULT NULL,
  `ownerType` varchar(12) DEFAULT NULL,
  `ownerTypeIndex` int(11) DEFAULT NULL,
  `partnership` bit(1) DEFAULT NULL,
  `phone` varchar(16) DEFAULT NULL,
  `photo` longblob,
  `photoName` varchar(255) DEFAULT NULL,
  `totalDoctor` int(11) DEFAULT NULL,
  `totalRater` int(11) DEFAULT NULL,
  `totalRating` int(11) DEFAULT NULL,
  `totalRoom` int(11) DEFAULT NULL,
  `website` varchar(48) DEFAULT NULL,
  `zipCode` varchar(5) DEFAULT NULL,
  `hospitalType_id` bigint(20) DEFAULT NULL,
  `province_id` bigint(20) DEFAULT NULL,
  `regency_id` bigint(20) DEFAULT NULL,
  `user_id` bigint(20) DEFAULT NULL,
  PRIMARY KEY (`id`),
  KEY `FK3D8A889A43C44CF7` (`province_id`),
  KEY `FK3D8A889A25D989F3` (`hospitalType_id`),
  KEY `FK3D8A889A676C93FD` (`regency_id`),
  KEY `FK3D8A889A60CAE997` (`user_id`),
  CONSTRAINT `FK3D8A889A60CAE997` FOREIGN KEY (`user_id`) REFERENCES `util_users` (`id`),
  CONSTRAINT `FK3D8A889A25D989F3` FOREIGN KEY (`hospitalType_id`) REFERENCES `ee_hospital_types` (`id`),
  CONSTRAINT `FK3D8A889A43C44CF7` FOREIGN KEY (`province_id`) REFERENCES `util_provinces` (`id`),
  CONSTRAINT `FK3D8A889A676C93FD` FOREIGN KEY (`regency_id`) REFERENCES `util_regencies` (`id`)
) ENGINE=InnoDB AUTO_INCREMENT=29 DEFAULT CHARSET=latin1;

--
-- Dumping data for table `e_emergency`.`ee_hospitals`
--

/*!40000 ALTER TABLE `ee_hospitals` DISABLE KEYS */;
INSERT INTO `ee_hospitals` (`id`,`address`,`code`,`email`,`fax`,`logChangedBy`,`logChangedOn`,`logCreatedBy`,`logCreatedOn`,`logSaveTimes`,`name`,`ownerType`,`ownerTypeIndex`,`partnership`,`phone`,`photo`,`photoName`,`totalDoctor`,`totalRater`,`totalRating`,`totalRoom`,`website`,`zipCode`,`hospitalType_id`,`province_id`,`regency_id`,`user_id`) VALUES 
 (1,'Jl. Raden Saleh 40','H001','email@email.com','02138997778','admin','2015-04-17 00:11:47','',NULL,4,'Rumah Sakit PGI Cikini','Private',1,'','02138997777',0xFFD8FFE000104A46494600010200000100010000FFDB004300080606070605080707070909080A0C140D0C0B0B0C1912130F141D1A1F1E1D1A1C1C20242E2720222C231C1C2837292C30313434341F27393D38323C2E333432FFDB0043010909090C0B0C180D0D1832211C213232323232323232323232323232323232323232323232323232323232323232323232323232323232323232323232323232FFC0001108007800D503012200021101031101FFC4001F0000010501010101010100000000000000000102030405060708090A0BFFC400B5100002010303020403050504040000017D01020300041105122131410613516107227114328191A1082342B1C11552D1F02433627282090A161718191A25262728292A3435363738393A434445464748494A535455565758595A636465666768696A737475767778797A838485868788898A92939495969798999AA2A3A4A5A6A7A8A9AAB2B3B4B5B6B7B8B9BAC2C3C4C5C6C7C8C9CAD2D3D4D5D6D7D8D9DAE1E2E3E4E5E6E7E8E9EAF1F2F3F4F5F6F7F8F9FAFFC4001F0100030101010101010101010000000000000102030405060708090A0BFFC400B51100020102040403040705040400010277000102031104052131061241510761711322328108144291A1B1C109233352F0156272D10A162434E125F11718191A262728292A35363738393A434445464748494A535455565758595A636465666768696A737475767778797A82838485868788898A92939495969798999AA2A3A4A5A6A7A8A9AAB2B3B4B5B6B7B8B9BAC2C3C4C5C6C7C8C9CAD2D3D4D5D6D7D8D9DAE2E3E4E5E6E7E8E9EAF2F3F4F5F6F7F8F9FAFFDA000C03010002110311003F00C6D2AE1A0C2B8DC9EDC115D859A473461A290FD41C91F9D7236B1F4ADDD3DA485C346C41FD0D65722C7490C6E14293F37A91D6AD88CE28D3E68EEF6A3ED8DFBE7A1FA1ED5AAD64EA7800AE7924E30299264CAACA9B9636723B2E33FA914854EDC9523DBAD6BBD995190A5BD8547F64F518E280321D403C902A09A2254E0723915AAD0641383C7A8C5567B749064856C1F4CE281140A02011C8351347571A0CE412DF29F5229924448C062BEE314019D3DBC722FCF1AB1E31B86707B51E4AA9F97238C6327156E48DB6AA83CE7A914C6470A3805BBF61FD6802A321C1C1E7B12284B6B9B89E382DA0334B21C2A29C1271EFC7E646064D4EE0A9185241EE31C5741E199F49B063737B3A8BB63B621E5B9F2D7D738C027F97D48A6095CC87F0C6B16D01925D3E6EA33B0AC8493ECA49AA373633DA6DFB4C12C1BF3B44A8533F4CD7AD2EADA6BBAC6B7F6ACEDD144CB93F866B3B5BD7A2D26DDA388ACB78C3E48F390BFED37B7B753F990EC8B714796B285383D4F414DF2B2727AFF2ABF72D25E5DC97570C24B890E5A42A012718EDEC00A8C4381D48F7A920ABE552880B670338193EC2AD08989F45F71C9E3FC6A7F2DA56085F6C7D467800E002703E839EF8E680328DA8DE4E07D57827F1A44B411A2A464AAA8C05EA2B4C420E7B91C1039E69CB6E5B38C7071C503329A3281430073E9D7AFA535A124F28CBF515B6B6600CE31EA69E2CF3D149FC28039B7B7DC0E3A7B5519ED3039AEB9F4D2C72C067D87F5AA72E981738C83F9E698CE265B43BFEE9A2BA49AC183FDC07EA71453B85CCBB75C62B66D4722B2EDD6B5ED179158DC66C5B300557B9ED5D0596ACF126C9B2EBD9BF887F8D625B45900ED53FEF0CD5B285450981D3C33C2F12B238641C13D314A0248BB832B29E856B9886478A4DC8C41EFEF5BF6BB6E17860B27A1E86AD4AE4D859625C1C63F1AA73458048E7E95A4D69263920E6AA4B03E08EBF5E2988C96811642E102B38C1E99A81E20CFF00C591F502AFCD1B2265B8C739EB55641B8065391EAB8C1A4053957A92DB40EFC714DDA33CE48FAE2AC30E49EFD2A07631FCD86241E028E73D07EA7AF41D4E064D0042F11DB923AF4F7ACABED24DEDC2C925E5CC6AAB811452B46BEB9254827B75E3DBAD76F69AE693140C2F74A8E070711908656987AEE28393EF54754BAB0BD292D9582C3B93E67C9041EE36A9DBC63AF3F8629DD0ED639CB4B5F2A499834D96619324ACC3FE0209207E18AB4B1233F98146F1C6E2BCD4DB402BFC247F0F14ECC78C3BAAFD7A52110AC618B6D39E79E7A53D2DC8CF2493EBDAAEC5107505483EF5722B0DC39519EE07AF5A2E332BC96DBF2A866FAE055848303A0C9EE456CC7A61DB9E9F5E69C6C638E252F20191C1938271DF1C51703192053900138F6E3E99E9530B55913191B48EA39FC6A69EEADA24F90B3B6DFE11819FC7FC2B36E35291832A22AAB63AFCDFCF8FD297320B1A6B6B16FDDFC478FA5452DCDB428079C9BBE9B8E7D081D2B0E49E594E1E46619CE33C7E550B669730EC69DCEB10AE7C9859BDDCE31F975AC2BDD4EE6404071183D9063F5EB52BA922A8CF1939A2EC7631EE19A494B392CDDC96CD1524B11DF450326B715AF69D4565DBAD6944C23C1A9623B0D26CFED0A302AFDEE9AD1445B07A563F87FC57A669B3ADBDFB346D21C23718E993C67278F406BB37BEB0D4EC9FECB711CCC509545FBE71FECF5FD2A92BA0B1C3E489315A90922206B36E23921B82B2C4F1B75C3A907F5AE9ADAC83E8BE783D89A9029C7A92C31B35C17645E72064E3FAD588EFAD2EA0124370CC87A10A79FD2A9A5B19ACA7900E13AD5811A84E28E662B10CD3C27237B67D70455169620B8DE01F739AB33A0C9AA4F08268E661623964842FCD327E75721335BDA8369FD9336E2199A72B26171F740DEB83FE79ECC82D63246E00D5A934F4923F92DA47F78E1661F981429B0B142F6EBED8A99B7B580A73FB88F6E7EBCF35501427AD2DF6986DB124B03C4AC700C88573EDCD66BDBAAE768C67D287361635123B62C0B6DC9EBBB19FF3D2A2BCB5B7370AD060AED19C1E33590B0EE91F712401D0F35ABA6C216DCED000DE7FA52E6B858B70C438AD2810AAE14919F4E2AA423A56A5BA0C0A432ADD493C5B4ACD20E7B31AA6DB996B4EF630CF120EA4D5E8B446684123B5080E4E700004124F705718FF001AA4FD6B6755B7FB34850F06B11DB9A60205C9A992DCBF4A64241619AEBB48D245C461FB5340735FD9EC47DDAA971A7300722BD317478C0EDF9555BBD0D0C6C40155603C8E7B42243C515BFABC30C1765188CF345007356E3A56A41187001ACCB735AD6A7915233A3D07C2FA56A132CB790993672AB9C738C7D7BF635D83E95A759593ADBD95B8D8A76F991EEE7DC9E4FE7581A03302029AE8AE167B9B42211BF70E0E4007F1AB8BE817384B99034842C1145CF3E59639FCC9AD9D1ACDEDAC24B9935199A3C965B65002E4F5CE41DDC1F4ED5575DD2FFB33C89371712677B01C03E9F97F2359F6DE22B24916C649B616711FAF24138C6476563F87E225DD311B31CD20B6BE951D45BFCA5EDD87FAC19391B80E3AF615520B894A92400A4E4283D07A554D73538749B8B68E3F9AD6EC0E64241077C687763FEBA03D7D7D2AD4F13A7CF0F96D1B74457E57DB9FFEBFBD4B4C07BCB9EB5113CD2AC4CD8066855FFBA7713FA0A1ED65071BD09F401BFC2972B01566D98C293EE315D5F871FCCD3DDBFE9A9FE42B828EF3CC527A15774231DD58A9FE5F9E6BB6F09BEFD2A43FF4D8FF0025AA82D46B723F1630105BA7F78B7F4AE26E000DC0C0C0AEBFC64FB7EC23D4BFF215C24FA95A9BD6B4F371721436C23008C6783DCFB539ABB13DC720FF00595ADA7AE2D149EE49FD6B084A2349189519048DCC06703240F5381D0735B7A7484D8425860904E0FA13C75F6ACD2116636C1157D676588ED03762B3D460D580E1572698CA915DCCDA8AF9CAE4865DB87000E79CF07DABB377D68A6611A7018E37339FE95C9450CB7B2EFB55572AD820B85FE7FE79AB571AA5CDA2F9536E8DC282549E80FAFA5546560317559EFA6D4A7FB610486206DC6DFC3DBEBCD67B55BBA9FCE72D9C9355910CB2044C6E3D32714808D1F6127CA1264700923F95779E1D6BA7D3D7ECA6DA31C6E12798ED9FC48FD38AE2D6178A4DB2A3237A30C56DD8EA4F68B85240AA8BB01D918B5523FE3F6D14FB5AB1FF00D9EB135DB4D716C65923D6636C0E625B65427E8724D537F11BAFF11AC9D47C412CB195DFFAD69CC3B9E7DA8C978D7AE5D25CE7A96EB455EBA9BCC98B1E68A8027B2B19E51B829C6339C11FCF156607DB5A3F6C2EA1631B57D85655FE6098B8076B0DC4E38069342286BFE30B9D16C2636E5C959101DADB792091C8E71C5759E1BD7EE6EACADEEA0B87F2E540C067A75FF13F9D7996A16906B97D35A4B74B0C41E291D81C92A038207A1E7A9E9EFD2BB2D064D2F44B08ACE12ED1463AB480B1FC4FF2C62AA364BCC677B756D79ABDA3431069246C112382231CF27777E87A64D72377F0F3558EE05F09E091CCCB2810CD91950CA3EF05E0873DFAF7AD47F16E9C57120BD75F4330207FE394B1788AC2EE655B68EEBCFF00E1559BE6F4E9B29A68562C589F125ACEC971A5A04452B1CB14C88D83F781CB938E07E55A3F6BD4D8E0DA5C9CF4C5D21FFD9AB26EAE66970B2DB6A4C471974DD8FF00C8753C1673F9395B28D94F699D54FE400A3702D3DD5FE0E2CAEF3D3FD7447FF66A9AE0DDA40D2EF8C719DBE630C7B66B3E4B699467FB2EDDD8F68DB3F99622A078AE8A90DA3C6833F791C74FFBEC52031639A5BCB9BD8E1264684B9CCF375202B15048CE30588FCBBF1DDF8427D9A3B0B8DAB21949C46E48C6077C0AF398A1B6D32F9A2B7B65891E56322872F9665E49249EDDB35D7F87E731D960F52D9A23A6A4BDCB1E329D585A98D88DA5F716CB7A7419FF000AF3CD8D07891B578F7168A3210647CFC05E9FC3C673D6BB1F12CC6544C76CD7093ADC40BB203C3BB162C795C92DC7E3C7D2AB7D4872B32878E355BDD42E6CEEE18A688DB1043AF050EE077060720F1ED8C71C9AEDF47D5A3BBD32D27D49EFDAEA58D59A4116F0FC039CA2E00E47079FAF5AE0259EE5C3EDBAE84A311D8F7157E7D7DED2CDE3F31A391605D8F181B776C1FC206073EC7F2A24EF151B6C527AEA773AEEBDA5E8FA425ECBF6909BC2FEE76F9AD907F85F1F5FC3D33589A0FC45D1F59D62EECAE228ACEDA14668A6BA9C289806C6492CA149041DBCF7E78E7CFE7D42FF00C45A3CF14B78B33C571118D65658F395901033804F4E3DAB9596D2EACAF5E2BAB79609067292215239F434E14E32D3A8DBB1F4A7DAAC6C2C5D8C4B6E76990886E3CDCE7DCF27B7A67F9798EAFAE35E789656B5321B68EDC053D373EF527E5073C0C8C9F7F6AB1F08AE84136A3CC80ED5FE3F97F018E0F1C9CF3C74C73EA2D78E73FBA90D271516D0D3BAB9C0C1ABDB491A8F3D338E84E0FE55A76AB31BB8A7915A3B608C43B1DA198E00FAF05BF4AE9D6F4B2FDC65FF007C01FCC8A8A6D5961525550E3B99507F3351CA322B7BF9E0C18A5381E86A96B5E2C361A7CF713C9B238D77310319EC07BE49C7E34EBAD65AE6196516F104881412380C5C9EA109C01DB9247D6B86F14CB1EBDA04F6D1DE436F70F209228CB10B222B636963D0E413C93C81C807354866B5B6B2350816E1380EA1B04FA807FAD4371724E79AC4B596E2CAD02DC472BB222992545322F0A324B2E476E79A56D46293849149C6700D424327926F9A8AA0F3E4F5A2A847A4DB5E592AA94F2D081918C647F5AD08EFED7386B98C1F7715C747A680723603EF291FD0D595B653C3A5B6D1DC5E303FA28AD2C2B23B05BDB6C645C4647B374A68D56CD78F38E33D429C57330269F6FF0037DB212C460AEE3201F9934F964D3D942BDC40C075CC7D47E74582C8E90EB16431FBDCFB80690EB966A7E6942AFF0079B815CEADFE8F10DB1DC1503F855411FCA93FB4B4ECEEF3EE0A673B7680BFCA8B0591D036B91797BE2DB264E0609E9EA78FEB51C7ACC92027CB3C75F931FCC8FCEB15B5CD2F3958A427E98FEB51FF006D5817DC2DE62718C79A718FA74A3940E853549997251413D0743F9F22A39F54BBC2A25A872786C3A9C7BF5FF1AC74F115AAE316CA08E84C833FCA926D5AD668834B6B0796A7702E3233ED47281CC4DA84B73E2187CC5118F39A3DAB29604853D7A827031DBA7AD767A6DD158719C7E15CFDEDDD9DC3C18B78C491C8190AA9C0CFCA4E471D09EBEBED5721728A28B5D91376B17755BA320AE6A6059CF35A7732339EBC55071CD52462DDCCCB8B4263728AA5C824027009F735993E9F2C9002E7E7DA01C703818E3935BEFD4E2A07048A7615EC72CDA61FB2CB0B7F1488FF009061FD69D0C12C708825749EDC7486705947DEC6DE72BCB31F948E4D6B4F6F234CA4301180415C753C73FA7EB54E6B775C91C8A562F999A7A66A31F87AD18D9C32EC964CF90D2E42FCABB883DB3C763D876A9AFBC731AA4860B798C98F911F18FC5B3C7E55832B62C63E3FE5A3FF0025ACB9DB24F14944D1499B63C7D7A77096C873D313038FFC72A87FC26B7EF705643E580320A9703E9C1AC660C4F4AAEF1B16E99CD271435266F78975AB986E92DD27590ED47955831D8C3271C9C73907239E7AF02B12DF570873710894EECE4E081F404549E2730B6BB33C33799B82EF1B48D8C060AF3D7A75F7AC6AD6108F2A1B6EE74706AB6A8A0C32342FCB7DE2A7E99E9DBF5A75AF89A7BB754B9313145E1AE0AB0C7A7CC2B9863C5444D5FB3525A8E276726A114446FB1383CA98E791411F4C91F9515C5EE23A134567EC3CCA3AA5D6A688E09438EAE79CFE756E2D61E500EFDFF56245730E7CC66DB83C639ED56AC57C88B6E73939353A90D9D3A6A531E8CA3E80FF008D49F6A9A4FF0096EEBEE31FE158D1CB56E39334589E6669A5D4CBD27627DF1FE14E6B99243979DC9FF7AB3F790290C9CD3B2279A46909C15019CB63FBC73419216C164562391919C566F9C2944E314B9507348D95D4E753F2DC4CBF4722952F1A494BB1DCEDD598E49FC6B184E2A7B79F2E29D913797735A5F3DAFEC99252B123E64504FCD9C63FC6BA549FE5C62B9A864DCEBECC3F98AD58AE15D03290CA4641078229595C1B6D6A5A964C9355CB8A6C92F35097AA441231CD30E29BBA9334C435C7B5559909AB123544C68B0CC578AE5DE44980F2C1FDD6DF7EB9FF003DAAAC968D9E95BCC33503C60E78C52B0F99B313EC83BD4905A21B88C11FC63F9D5E78B069B121F390FA1CD27B0D6E57BC86CAF9D96EE1218121668BEF019CF42707A9F4158975E1E9915A4B4912E23032429F997EA3FAD6DB0C9CD42C4A36E52411C8238C5249AF84D39B5D4E3E6478D8ABA953E845439AEBAE658AE6331DD44B20CE770E187E359171A346E0BDA4DBBD11861B3FE7EB5A46ADB492348D9EC6313453DEDE68DCAB46C08F6A2AB9D143EDE4DAA7EB57239F1451593DC82CC7738AB915DF145140898DDFBD30CE49EB451412C51213DE9E18D145315C914E6AC4270D451412CB5713CB0DB3346A59C608C1E491CD6DDAC8CD046CC082541393451483A1618934C24E28A2A9102679A3239A28A008D9BF2A61FAD145301A7F4A630A28A0081D6AA4F37D9D4B819228A2A25B171DCAE922CF1EF4391504B919A28A16C37B94253D6A948D834514CB4446F25CE1886C7424668A28A2C8D0FFD9,'2.jpg',0,0,0,0,'www.rscikini.com','',21,13,192,3),
 (2,'Jalan Diponegoro Nomor 71, Salemba, Jakarta Pusat','H002','email@email.com','0213148991','admin','2015-04-16 21:48:22','',NULL,2,'Rumah Sakit Cipto Mangunkusumo (RSCM Jakarta)','Government',0,'\0','021500135',0xFFD8FFE000104A46494600010200000100010000FFDB004300080606070605080707070909080A0C140D0C0B0B0C1912130F141D1A1F1E1D1A1C1C20242E2720222C231C1C2837292C30313434341F27393D38323C2E333432FFDB0043010909090C0B0C180D0D1832211C213232323232323232323232323232323232323232323232323232323232323232323232323232323232323232323232323232FFC0001108007800C003012200021101031101FFC4001F0000010501010101010100000000000000000102030405060708090A0BFFC400B5100002010303020403050504040000017D01020300041105122131410613516107227114328191A1082342B1C11552D1F02433627282090A161718191A25262728292A3435363738393A434445464748494A535455565758595A636465666768696A737475767778797A838485868788898A92939495969798999AA2A3A4A5A6A7A8A9AAB2B3B4B5B6B7B8B9BAC2C3C4C5C6C7C8C9CAD2D3D4D5D6D7D8D9DAE1E2E3E4E5E6E7E8E9EAF1F2F3F4F5F6F7F8F9FAFFC4001F0100030101010101010101010000000000000102030405060708090A0BFFC400B51100020102040403040705040400010277000102031104052131061241510761711322328108144291A1B1C109233352F0156272D10A162434E125F11718191A262728292A35363738393A434445464748494A535455565758595A636465666768696A737475767778797A82838485868788898A92939495969798999AA2A3A4A5A6A7A8A9AAB2B3B4B5B6B7B8B9BAC2C3C4C5C6C7C8C9CAD2D3D4D5D6D7D8D9DAE2E3E4E5E6E7E8E9EAF2F3F4F5F6F7F8F9FAFFDA000C03010002110311003F005D1B437D52678A39234655DC038625BD9428249EFD3A027B5569B4E4914800135ADA5CD2D95C2CF06C122FDD678D5F69C8391B81C1E3AF5AD11BDE20A769006012809EB9EB8F5EFF008564F9EFA3314E8F2ABA77F5B7E8CE24E95708F98D72076DC07AFF0081A58D779E46187507AD75135BBE48C2608C6360F4C7A75C7EBCF5AAAFA51909719DDD73DE88F37DA7FD7DE44DD36BDC4D7CEFFA232963CB2E49DBDBE9EDFAD3960E7685CE3D07F2AB2D03424AB8E7B115A5A3EAB7FA1DC99ECA4DA081BD18651C0F5154668C9FB0CCB8DD03A8F564348D06C0411D4F70466BB9FF008585ADE33F65B1C7FD737FFE2AB2F58D7EE3C40B1FDB6D6D95E3CED9215607E872C723FCFAD05351E8CE6820C8C8C8EE29CD0323E3AFA1C119CF43F4AB6B11E700E69FE4EF8C1DA415E3A751F97F33DC504945616C80A083DB1D6A53A7DCAF0D6EFF008293F955A1160E7BD75169E35D5AD2D22B648EDE558D02879518B1C7AE08A06ADD4E3BFB3AE71BBECD2EDEE761C53040A18850719E3E5C1FC457732F8EB596899562B3462301846C4A9C75E5AB973164EE2393DE8076E8663C6A8ACCC02800924F181489092A0B0209E483D47B77AD07B624AA7419DC71FE7D6A4F238C1A2E23345BBBF014FE03AD3E1B0BB9E3F92D663D32A149C1F438EFCD741A2EAD75A24D2C96F6F6CE5B1B4C8092063B608C75F7E95B27C7DAA860BE4D8EE2321763671FF7D7B8A0A4A3D59C2CBA6DCC6A59EDA5407A968C803F3AA661CA8DC8013D8F3D2BA9D6358D43599D9EEE66F2CE36C28711A606381EBD4E4E4F38CE302B09A3691F622E4FA9A04EDD0CA9B818C13EDFE15592DA49DC02303D05748BA4155DCC32C6A482C029E9408CCB7D315107CB4C9ED028E95D30B70B1F4ACCBA8F922802DDAAF22B5625CAD675B0C62B521E948046873DAAC436C36F4A7AAE6AB6B7AC41E1DD167D4EEA395E184A8658802C7730518C903A91DE8292D48AE6C15E4FBB5049A59810B46A083C906A6D2FC49A3EB6B1B59DE46CEE322363B5CF73C1E4FD4645742605684531F29CD5B7991481E3F9181076E3233EE0F06BA3B7BFBCBF97643A4E932487F85A2504FE6DCD55BAB15306E030477159EBA7B37FCB493FEFA3486AE8D2D4BC3FAADE49F686D2ADE0DAB82B6FB402073D013935862CCA8C15C1C7422AFAE92719F365FF00BF8698DA4B8E92CBFF007D9A04D5CA5F64E3A0ADCD0A3BC30CD05AE9B63765087733A2965CF0392471F29FD6B019ED22277DDCCA01604E1F1952C08CE3AE51B03BE38CD4F0FD8E65DCB7770C0A8230B27392A38E393965047519E68147466FEB0BA84365B2EB4BB1B5495C22C902857C8F9B0083C70A73EDC77AE78DAF23819ED8A5964B0810BB5EDCA80C10E564C8277718C7FB2DF954324B6671FE99700E19B18901C2AEE2718F4391EBDB3431CB5265B4E98507F0AD7D3F40D4D268AF21D3E09A2DA7093804367A1C123DFF00435462D38C91AB09A5DAC320EF3D2A7FECB207FAC93FEFB3402469DEDDDFE9E1166D1B49576E42F96BD3B9E09FFEBD605E93713BCED144ACE7216340A07B01E9560E9A54FF00AC97FEFB3576DAC97CB624127D4D037766247A735C82CEB851DAA4834F0B2FDDAE86380246462ABF9403E7140B94A535B8098C55510056E95AD2AF1CD5465C50268A72AE16B26E97AD6C4C38ACAB9EF412496F5AB01E0564C07915A909E05005F8EB9EF888AADE07BD0DF74CB003F4F392BA08CD737F12CE3E1EEA4476309FFC8A941A4774761AAF84F42D6C86D434E8A493706F35498E43804005D486239E84E3F2AE77E1E5FCF75F0FF489EEE59679E432A976CB13B5DF193F45C73ED5D5699AD59EB1079F66EEC8323F7913C6C3923956008E9E95C4FC3C95E2F869A26C3B55A5943B92308BE6C84E7EB8DBF8D3346F43B7936C96F95E5586454088076AB07FD4A8C63E5E86A214891EAA314C9E356B79431600A9C9404B0E3B639CD3C1AA57DADD8E9863FB548EBE6799B4AC4EF9D8A1987CA0E0E181E7AF6CD026D752927876DA444852E6E808D362B3478383B88F988E986C607A63B558B5D0EDD2DD732DC10C8234DF00C81E606E46DE99E707A027DF13A78834F6B6867492478E5FF57B207666E71F740CF53E95A76D751DCC4B2C64EC62C06E52A7E562A783CF55340D3461CFA0D94F104DF76147CCDB61C7CD866071B7B6E2303D40EA2A36D0AC551A03E7955CAFFA96E19828DC0E3D573C71C9ED5D39351B50329C30AA448AB9C05006460D3CA8C521B980C9E509A3F3338DBB8673F4A562075A0442C99A9615C478A61352467E5A005380A6AA30E4D737A478AAF752F185EE933410A4107DA023203B888DE351924E39DCC7F2FC7A4734099149C8AAD275A9DCD5790F34896529CD65DCF7AD29CF5ACCB822990101C62B4E03C0AC9B76E95A50B74A0469C4D5CDFC4C3FF16EF53FAC27FF0022A56EA48001583F10B137803545EBF221FC9D4D08D22F546F78663FB2F9B6EB731DCC50AA451CB1820322E42F500E76819F7F5EB59DF0C5A31F0D74A32950A0CBCB1EFE73E2BA7DEB1AE0605711F0ECF99F0C6CA2CE364CCBFF009189A115B44EF05C453C224865492339C32306071C1E47BD43BEAB4512D8DA0B7054852C46011D493EA7D6A3F3C66825C8D10DC5636A36FA5DF1F2352BE8E008F3108F1B9FF591220604023801C73EB5716E7B669EB2C324854952EA01619E4039C13F91FCA807692B1CD2E9D0C9A2DDDAC9E21B78EE2640E8637970B2999256C37940804AB0E84806BA0F0B5BFD8345B7B417715D188B969226661B9E46908CB2A9E0BE3A74C55C0220482A323AD6778864B84F0FDDFD83679E17215B6ED61FC40EE2000464127A0E7AE295CA8AB1D16FA6B3D719E01BFD66FB4592EF57B959449262DD4019083A927A9F9B2307A6DF422BAA320A2FD8A7A3B146E75CB283516B76936CAC5235C8C8DC5982AF1EBB4FF5C5635CCF35F4AB3DCDBDAB086E09884D1EF31B236DCA9E319DB9EE413D7A52CFA5452F882142B288633F6B5752301C30C29E38EA703AF079AA7ABEA3A7BCECBA91BFD3E1866502668FF7121DE083BD7701CA77DB80C73ED6EDD0CEF27B9BF61737B2CB2A5CC4A88A70847F10F5AD48DB8AE765F166856AB186D4E09030E0C04CA3F1D99C569596ADA7DF6D16B7B04ACCBB822C83763DD7A8A91A39BD160B787E227885618963112A37CACC4B34A03BB1C93C920703030071D6BA977C56043A65EDAF8DF52D49A45FB0DD42BB501FE30157247D17B56AC92D260D8E67AAF237348641CD44EF410D904CD8ACCB83C9ABD3B66B3A734122427A55F89F1CD65C2DC8ABA8FC6698116AFABC7A6DA99A47DA0573F77AFB6B965358989BEC53DBEF25863710E030CFFC094F18FD6AA78DE52F63D7A38AC681BC9D1ECAF0CA50C52BC20763E6467AFE2A3F3A691715D4EBBFB7FC4FAB47736D63A7CF3348BB16EA60208A3192095C637F1D08E47F3EA3C1DA04DA078663D3EEA65964F35A53B01C29273804F5E475E2B9BF0E36B179A75B2D85DA471C71B16559946ECCAE0365A07FEEB0C03D81E3BF4DA635EA3C125D6A667593CD89A33246C04AAD8014AC4849015F3E8477EB40CB57F75B250B9EB5C26B5A9DE45ABDD0B7BAB8556511848DB3D547DD1CE0E79E39F7E6BA4F1048D05C4521E704FCA3926B82D4EE22B832DC866DD3465E385A062D94009EE39E3BFAD5C2C9EA73548CA5F0F73A7F0EEA121D316113F22E022C8CC5B299539F9B3D89F6AE91A081EE1676D5E50E13670F185C13FDD0B827DF19AF3CD0675B0B88BCC594B29FB44806DDA323A2F3C9F94F7F4AE99BE2169283062BBCFF00B8BFFC554C95D9A53BC558E923D91425575523049C110F7E7FB94DB98A0BBB69209F567314A851D41857208C1E42E6B9C3F11F47DA7315E74FEEA7FF00154E4F891A3B283E4DE0C8E8553FF8AA9E534BB37EC6DEDB4FB38EDAD35378A141854FDD1C7E6B57ADEEB7A0FDE7998E3771CFE400AE661F1E697361563B9C9F555FFE2AB4747B9FB5AC92A44DB1DCB8CB73C9CD1613977354B9FB649FF5CD3F9B54D185552BB405624918E0E7AD63CFA9DBA5C49E5CB1867886D673853B58EEF9BEE83F32E3279CD6BE9AE352B5592D76CED805951829E9D707B67DCF6A6937B09C92D5983AB685A1DAECD45F4D808F3D04D100E3CE0E76055D87E562CCA7201E473D49AD7D5BE15E91A85AFDA343B936CCE81A352FE6C2E3071CF24678F9B247B1AD65D2352B93E588BEC8AEAC3CF67572871C10A339E4F7C743EC0F3D79E1AF15784EEA5BEF0CDE1BBB267323D9ED008E727F77F75B85032B86E7000ADE10BAB32253EA8E7749D7750B0D525D075A120B98DF6869986F52464027F894F63EFC64631BAF75C9E45717E33F1745E256B19EEEC8D9EA56C924327948184C72AC031243205C4871F372D8EE48B7A7EB02FB4F82E55B7075C938C72383FA8359548F2B2EF7573A513E4F5A719323AD6343760BE335744B95CD6621F33678ACF99BAD5991F20E2A8CCDC9A60242D8AB4AFF002D5089BA54E5F0B408E73C54A25B520FF7AA95BE9975A8E99696766C8B22DC2CA19CF01955B1C7719233DF1D8D5CD7833A818E3754BA15FC1632EF7E7CB058F1DF1DBD78CD574293B22CE9DE14F128B6DD6F368D1441D90B7EF06086208C6DE7906B4F4FD3B5CB7BA78F51BAB06B682313CCE91B860AC5B953B40FE127B9E07AD6C5A6AF0A4112CD73E6BAA805D97193EB8AB46FC3DC5BBABC8D11568DA351C72010C7E9B71FF02A41CE5F7850B8279EA4E4924FE26AA3DB40240BE5A9DA0E38E99EB4FB4919ADE312191DD06D2CE0297238CE074CE33F8D4BB72E4E09EFF5FA5346521D05AC2546635E78E9DAAC8D3EDFFE79AFE54B126138EB5693800522E288069F6D8CF96BF9538585B28188D78F6A9FD3A60FBD28276F208341564422D20C82B1AFAF029CD6F0C96CD132E5194A900E383C5480657FFAF50DC2DCAC5FE8BE57999E92EEC1CFD280B14F502D05BBBC31B34C88CD1E7E6F9B071C1600FD323EA2B86D57C4F71A73C4B63A5DC69771195D929788A919F40C467B77C8383EDD6C29AAB4F722F2485E3E8813AA9CF4E83031EB93D2B8EF165ADC5C471AC76934CCA4B031B2820E3A1048C8393DFA81C534F526FAD8ECF42F8AF63322C7ABC0D6B2FF001491A978CF1D71F787D307EB5D137C42F0A84F33FB597079C793213F96DAF9964B9BDB694ABDA5C2907EE9C7F8D59B5D45E43892C6E1FE857FC6B4E71AA76D8EEBE24F8C743F102F95A6E865AFD8717CE0ABE075F957EF701796E9CF1DEB9AD1E792CF4B822254ED07214E76E49383FAD305DBF9D02AE9F2C4AC4AB3311D319E818E4E40EBEF4935AB6F12C04AB8E7A75A96F98AD12B1D059DE2CB2000F35B71C9C5719A5BB7DA55671E530E8F83B4F1FCFF00CF15D62ABC6391C75C8E86B368964EEF9AA92B67352B499AAB23719A043ADD1E42028C9AB2EB1403F78DB9C7F02F5AACB76E731DB0312E325BF8BDB3FF00D6A7C6A91AAB9F988CF38E71E83FCF6A626EC676A36D25D47B5C7969D7005269BA347BB0C5F9ED57AE1B6A00A001E9D852DBCE557713FA5315D97ED34D8110311961D016E7DBAD688B588C6AAC7FE5A2B75C72083FD2AA4175F21C76ED8A93CFF9D7270072493480DC8915501F4A9400483CFB5528A6001EDEE6A4594700B1C93DC5006846DC02318E839C0A9B7FA74EF59EB2E1B0A0FE27FCFF009152194004E714168BFBF2073C52190103AFA74AA6B30CF5C1F6A994865E3039EB48772747383918C7607AD38B601F53CD401881C71ED514B2E1580CF23A038A6049236739C62B06F957793EFC63E95A524993CE7AF6ACBBD39F4CD0448C89ED62958B15C51159C319CE3F0A7BBE38247E26A3F381E7706070462AD44CEE4C2384CA0103233514B6ABD40EBE95109D8B718233C1CF06ADAB6E8402D93EF52D58A338DB2EF394FC7AD3D03C1C45864CE0AB1C8FF3D2A638DC40233ED4CC83F5EB82290EE314C7719F2F28FF00DC63C9FA7AD559959721811F854B2A2CBD08E338C1EF517DA248C2C53AF98806320723F1FF001A0A4C8D2562C36B003D00E4D4C65FE2CFD7268A29924373260127EBEB4D8A46E9E9FA514500694127EEC80DF3038EB8FF00F5D4DE7E2509F36E5EA4838C7FFAE8A290D9A31CDF28E7F5A9A3932D80E3207CD83D28A2804593210338C81D4E6A2F39B03A86EE08E87DE8A290D931586EE2F2A5896589F1B91D4306E7B8AB896160F6E2092D6068010046600540036F4C63A0C0FC00A28A0B8921D26C214744B0B7456D9B82C0006DBF77B738EDE95564D916446A10124E02E392724FE649A28A02452F382E012491EB9AAB74FC75EF8E39A28A68CCC9959B76DCE1BAE0556321C00719E9C714515B5C8B0C5CF99B8E339EA38FF3D2B451888C03D47AD1456722911B9620824139C838FCAA1120C138C0268A290119901CF5FC7BD5776E71C9C8EE381451401FFFD9,'1579065.jpg',0,0,0,0,'rscm.co.id','',21,13,192,NULL);
INSERT INTO `ee_hospitals` (`id`,`address`,`code`,`email`,`fax`,`logChangedBy`,`logChangedOn`,`logCreatedBy`,`logCreatedOn`,`logSaveTimes`,`name`,`ownerType`,`ownerTypeIndex`,`partnership`,`phone`,`photo`,`photoName`,`totalDoctor`,`totalRater`,`totalRating`,`totalRoom`,`website`,`zipCode`,`hospitalType_id`,`province_id`,`regency_id`,`user_id`) VALUES 
 (3,'Jalan Letjen. S. Parman Kav. 84-86, Slipi, Jakarta Barat\n(depan halte Busway RS Jantung Harapan Kita)','H003','email@email.com','0215681579','admin','2015-04-16 21:48:34','',NULL,2,'Rumah Sakit Dharmais','Government',0,'\0','0215681570',0xFFD8FFE000104A46494600010200000100010000FFDB004300080606070605080707070909080A0C140D0C0B0B0C1912130F141D1A1F1E1D1A1C1C20242E2720222C231C1C2837292C30313434341F27393D38323C2E333432FFDB0043010909090C0B0C180D0D1832211C213232323232323232323232323232323232323232323232323232323232323232323232323232323232323232323232323232FFC0001108007800D503012200021101031101FFC4001F0000010501010101010100000000000000000102030405060708090A0BFFC400B5100002010303020403050504040000017D01020300041105122131410613516107227114328191A1082342B1C11552D1F02433627282090A161718191A25262728292A3435363738393A434445464748494A535455565758595A636465666768696A737475767778797A838485868788898A92939495969798999AA2A3A4A5A6A7A8A9AAB2B3B4B5B6B7B8B9BAC2C3C4C5C6C7C8C9CAD2D3D4D5D6D7D8D9DAE1E2E3E4E5E6E7E8E9EAF1F2F3F4F5F6F7F8F9FAFFC4001F0100030101010101010101010000000000000102030405060708090A0BFFC400B51100020102040403040705040400010277000102031104052131061241510761711322328108144291A1B1C109233352F0156272D10A162434E125F11718191A262728292A35363738393A434445464748494A535455565758595A636465666768696A737475767778797A82838485868788898A92939495969798999AA2A3A4A5A6A7A8A9AAB2B3B4B5B6B7B8B9BAC2C3C4C5C6C7C8C9CAD2D3D4D5D6D7D8D9DAE2E3E4E5E6E7E8E9EAF2F3F4F5F6F7F8F9FAFFDA000C03010002110311003F00C7B618B98BFDE1FCEBA5117201381DCE3A57351802ED41CF0F8FD6BAF6B4941CA4BD4F465C803DB18AE3A6AE8EB4EC64DE9BA68F64711487A9DA724E3BB11FFEAACD4B99E1C856C8E7A8EE79CFD6BA568E556E61DC338051874F539C7F5AAF3456D212B32A824ED05C6D24FB1EFF008568DDF7409763362D4958812465727A8E6AFA8DC030CE0FA8C53A2B08606CA47CFA9E715602566D234457D946C35682678AB26D2101B6B09401BB71F970381F77D739EE7F4CD350B89CAC666CA89ED15DB78CA3FF00793827EBD8FE35AAF6691603CAB13F395273C81D303A7E9501D80857650C7A007349C6C0A499CDEAC926EB759369FBD865EFD3B76FCEBAED0A6F2ACD501E013FCCD73FAFC4524B43C10777FECB5774C98AC3D7B9FE758BD18A5A9D9477A40EB520B9DD031CF7AE7D6E78AB904F9B7619FE2FE829F319D89619776AD6833FF2DD3FF4215DA9610900F1193807D0F615E7D14B8D4AD9BD2643FA8AF408E549E3DAC010C3041E8456F8792D519D4456D574F5D42D71CF9A8098CFA9F4FC6B869E06476565DA47041E0835DF066B5611C849889C2484FDDF4563FC8F7E879EB8FE21D377AB5E44096E3CC18CF03BD557A7CCB996E874E5676671663C7CB9C60F181D4530A0C93CF3DAACCABCEE1DAA160304F5CFE35C074909014638005675D432BDC82B034800EBB828FCEB54AE0703F014D20E7819F5E684EC16334417446D558625030072C69E2CA5651E65D487D9405ABC54E78E9DF8A695E76EEC93CFD053E662E52B456C88ADB72031CF5E692445073C64FEB56846A548DA4807F8A8642474C7D695C1A39ABFB0124C182FAD15B9240188C8A2BAE159A89CEE1A98127CB74DC746AF4E82D649E257684C60AE793DEBCCAE3FD7B11DF06BD16CBC5D18B58566B39384032841EDD7B569859C2316A6C73527F0A277B0233C5557B4F98AF191D47A55E3E25D39F044A6239070F096FE554DAEB479653219636623AB48D9CFB0F6E315D4FD94B6688529ADD149EC101C84DA73B8EDF9727DF1D6A336F22FDD7EF9F997381E8318AB12C9012AB6F7C5507F755400739F6FE54BE6E58932211E806723FC6B27089A29B2A1DE9D63CF38F94F6F53D2956EE38DB0CC14E71F371CFB7AD492CE9D90FE35465919B8181F85612B2D8B4EE681962907EF514F6073CD4D6571A3DA0712DA79C58FCA039017F01504BE1DBE91ADD6D6279E378838936ED5E46EEA4E38CE3AF6AB165A242AEBE7DDC4CF807CB87E6FA82DD01FA67FC4F7E2C2F168C9F18EAA2F52CE28EDA38220CEC022019381CD66E9F2621FC4D6A78E2C7EC4BA6112290EB27CA074236E79EFD7D074AC3B17FDC0AE7A8DF33B8D5ADA1B0B2F1572DE6FDC1FF7BFA56407AB70C9884FD6A1016565C5D44476707F5AEC6CAF700735C22C9FBD43E8C2B76DAE700734D4ACC4D5CEA751D552CF44BEBB78D65586DE490C6DD1B0A4E3F1A83C35AC7F6C685693CA0ACF247B9860F1C903AFA81D7FC4671AE27FB4D95C5B16C0963643F88C55CF0BC1E44972F2CBBD4FEED1481F778C56F0ACF995D92D45536ADADCAFAAE922D252D12E216E41F43E958CD16D27D3E95E85736C93DB346D9653DF3CD7137F09B795949195FE5515E9F2BE65B154E775666715E73938F4A8CAF39C1E3BE69E5DB246DE871D739A8A491115D89C6DE4ED193F90AE635178DC7206EEDEB4D079CE7AF4E2A38EE22B851E5B673D78238A949E72280027193C9F6A6B1C0CFF00334A48FC7D69A5F03AE4D02646E39E07E54547295C82E57FE05456D1D8CD9CECE7F78A7D541AF60F0DE99A65C6896B37D960695EDD1598633CA8CF4270739F435E3B31C888FF00B38FD6BD97C15722E3C3169F365D136B0DD9C609038C9C74F6E95D985F865F2FD4C6AEC8B0DE18D1A342DF62278C63CC73FCCD707AD6936D6F7CEB1CA2089C07449836E008CF607DEBD57BD713E3482D1AE15A7B9B4B393C9CC524F7291894827298623D4107F03EC57A69C345A852A8D4B5671B6F6EB1B3A8923705971B4F5EBD8F3FA56F436ACC8315CD2C82CF51549DE3036AB064903A90C010415241041078AEDF47BC4CE16259463E5757EA7DC119153865CC8DAB269DCCF7B19719D8D8FA55396DD94F20D763737B24B0A8B5B5DCD9F9C952C07FDF2335837CF23A467ECEF0B91991645C153CF4CF5E83D7AFB5693A5A37D8CE326662998C496E647F25492B1EE3B41249271F526B6F4BB572C0F4ACD8EDAE2692378DF621452488F77249CF3DB03149F6AD6923C287465C80CA064F3C1EBC718EC7F0ACBD9BB7358BBDF4BA19F10D0A0D2C139FF5BFFB2572B66DFB95AD1F115CEA3722D4DFCCCE5770405718E99EC07A5655A1C4405734DFBCF4B176B2B5EE6806A9E393098CD520D52ABE16A04580FF00BC5E7B8AD3865E38358AAD9718F5AD089E9319A426E7AD68D8DD988706B0D58D4F1CBB6A6E16360F8D0ADD5EE9C91113DBAA32C87956CED241F4E0FAFE552DE347ADD91BBB65512C7FEB17BAFB1FE87BFB7207153065BBD5AE109DEE6351EDF2AE6A6F0F6A976BAE4277F971F964C8303E65E983F5C0ADBDABF85EC4F225AA2C3C9B4EDFD6ABBDC2C40F9920009E3B55CD5E7B13703C891D9CA2B4815780C402466B24DD42481B64CB7B56325666A9DD1335E04DCC4FCBDBD6B3A5D71D5CAAC191EA5BFF00AD4EBD0926D540CBCF39EF59B2A8F31BEB48CE7268B2FAD5C303B22553FED1CFF85306A97ADDA2FC8FF8D40A99A903431BED91D948FF00A64E7F50314CCB9D8F37778FCE517E8BFF00D7A29E24B7C7FAD3FF007EDFFC28AD63B10DB2ABF30C7EA322BD5BE1CA91A0336490CE460E78C67FC6BCA4F300F66AEEBC13E27D2346D29EDEFAE3CBB86998A20424952077C7AFBD75E0E5EF4A3DD7EA8AAB16D69D0F4C3DB835C478D3C3DA5788EEE08F539AFA3FB3444A7D9B60DDBBAE7703FDD1F9D5ABCF1CE95B70AB2138E43421B83EDB8573DAB78C74E90B5D289D635180A2DD73D863FD67E3F8D75CA0D44C69BBCD2394D5E5B702D92D8DC35BDBC2B0C7F6860CFB578190381C60E071CD755A2EB17A34D55B6857E560098D3385DADC9C679242E3F1AE563D6FC362EADF769FA8C9124A19BCDB88F0464672047923DB3EB5DF6A5AEF9D651C161E65B98D42AA46E1515476C051D862B9A8F3D3E6949EE7762229A51B0E97C4D2DA9412970C79DAF6D20C8FC17F5A64DE268EEED4C2C4077383B6DE50318F52300E7F4AE2B589EDAFEFA36BA8E485513622C6BB790C73F7892467A74EB9EF81A96BA25AAA8293CF8F462A47F2A4EBB6EDD0CA34A16BFE869CD7935B5BC7125CB400A2903CA2DCE79E7691D3B7AE2A849A95D88C6DBE76938CE63017BE7F87FDDFD6A29F45B490A0FB53297628BB53A90093FA03F9550D43445B189667D467285B6E047939C7FBC3D2B39CA4B4D7EF358C61BFE83356BCB8BA5845CCA8FB4B05C2A8EBF403D2A8DB7118A464849568E79A461C7EF102F1F99F6A8D651146A3A92338AE695DBD472B5F42E86A7EEE2B30EA312F5603F1A9ADEF22B9CF96D923AD48ACCBE8DFBC5FAD5F8DAB02E7505B46036B3391918A8E3D6AE241B638096ED839FD3143438C5B3AB4381D6A40C01CE6B9A47D62E00015621FDEFF0039AB89A6DECA17ED17AC00EAA831FAD43B15CBE65B59956E75277525159093D8FEEC1CFE150DADEDBCB76B2C0C4AB43E583B08E724F71ED548DA5D4D13456D179CE2EB9691B3B40CAEF3EB8E38E28FB1EB7A7CF84B28EF158B10CB208B19E7EE9CFA9EE6ADABA26C5F9254B841344158F4F9D0F2318E9C738E41AA88516E515880CC781FE7EB5AF168BE597DD7733AB1CA8645017D860671F5CF4AA773A3482EA3B982F02320236C916F5EFE841FD7B54BD5022ADC49119B606F990E0E411FFEBAAF708A141006403C8AB32459944774F1CB21190C91141F4E58FF003ACDBD8A3B59C3798C148F9833703D28513392BDC96200F5149273213F853609A273F2488DF46A216332B331E777A537132716068A90A7A51551D89B32B0E617F620D4F6D0BCD04A143610AC99033CA9C8C8EFDFF2AAE9CAC83FD9CFEB5A9A12DD486F60B49563926B76898BAEE05491918FC07BFB8AD29FC46E51892FB549843A4594B74C7A00ADF2678E490063DF38AB3A8F83FC5B0C31EFB189919419162963CAFA83B980CFD3F3ADFD26CB57D26D24B68754F29657F32410C4172FB42E7279E8A3BD13688B78DBAF2E6EAE49393E649915DCEBE9AB6C954EDB2471F7DE1A4B49029D5EC02E3277B90C0F71819FE755F5CD4A7B9B9FB299FED36CFB5BCC8A252158633DF23BFAF07D7A7751F87AC236056CD3FE0473FCEAEC5A64317CD1C31A1F55502B1753B2367CD2DD9E577A75DBE75B88FCE9F0BF280B8207B80319AD2B5D6FC496C8A67B4B9214038F2015C63B9C0AF49366A7A8E28FB121EA0564DDFA0256EA79FDAF8D7ECEEED2408779DCC177039FD7F4AB92F8AACB5245B7B885957706530CCA589FA115D8CDA5C12A149234743D430041ACDB8F0A6913E37D84631FDCCA7F2C50F5DC7F2473CF369D2C7FE882E4480F225DB823F0AC1D5ED669D6DCC49BB6839E47B57537DE1CB0D27175668E85888CAEECAE3AE79E73C0ACE55C85E3B5632D18376673B0E9774E002A17EA7FC2B5AC2CCDA33A96DC5B1DB18ABEA0014CFF0096E6A2E2726CAED189B59B749002BB0E463EB5D0430A4600550056228FF89CC07FD83FC8D6E23851927000EA694DEC245A4C0A25B88ADA1324CE113D4F7AC3B9D781985BE9C9F6898F1B87DD073FAFD7A56869BA0B4928BBD55CDC4BFC3196F957FCFE549C2CAF2296BB16F438DA3125D6D1B2E0B48BEA72723F4C56E5BC6ED26F3C7D3B0A644A85D42C7824F50D5A01155028E2A79AFBA29E84320DD9383D6A94B06E0715A2E07F7AA164382430A7CC89B18177A6F9E8548047D6B9EBDD1350BC90DB4C84C3B07FA42BA82707A63D7DEBB6915F3C60D5771203F773F855A9584D1C4278445B3ACED35C9111DE417041C73CD4D6E310AD6F6B7782D348B977438DB8E3DCE2BCEA4D6DD65251A60B9E071D3F3ABB4A4AE4C927A3763ACC8A2B96FEDD9703FD20FF00DF1FFD6A2A94656D88E4F346E47F788F5047E95D078223136BFE49E8F137E9CD73DE6C71B1DA198FF093C7E639ADDF05C9E578B2CB3C02597F3522AF0F6F6881EC7A7AE9310E4819A6CD631C6A70B5AA48C75AA57520DA79AF4DC55B639D4DDCC59625538C542485240A96E1C16C66A9B3F205724D6A75459297C67814D2C3155DE518FF00EB54666EC0E2B265A2D171EB5119393CD5732FBD4465CD4328A9AEBEEB38C7FD341FC8D7378C05ADED55B75B2F1FC7FD0D6149C62B1992F71462983FD71A8E6B98ADE2324CEA883B93587378A21494886DDE41EACDB7FC69461296C4B925B9AF7770B673ADCB292117A0F7C8FEB55A13A8F8865D8B98AD73DBA119FD6AB58EA51EB9A8476B25B6D46E5BE7CF4E7D2BB9B4B64861558D368EC00AA7EE6EB51C5737A0691A45B69D1011202E7ABE3935AC08E8BC1AACA483C1FC6AD428DC16EFED58B6DB36D122E5BC4157711F31A989FCAA1572169CD201EBD2A919BD4563CD465A8DFEF4C2720E0D00358D4047352B67BD465A9011BAE463359571A2DA5C48CF25B40ECC724BA024FE35AD9C9EB48541CD3B88E6E6F0B69EEF9367167FD92547E408A2BA265071456B193B6E43B5F6381C7E35A7A3CA6DF5CB297A6D9D4FE19ACEA951CA4C8E3A820D14E5CB34FCC0F6DFB51287A038C66A95C4D9182D93DCD551765D0303C119CD569AE37679CE2BD89491CD188C9A5C9E0935464949F5A74B32F3D2A93C9B8FDE35C73674C5129948CF7A69724541B8D26E20562D964ED213D0D37771E94C51DFB5291839C54DC654D470615C766FE86B95D73506D3A246540ECC48193C0AEAEEE27963FDDE320E71EBED5CEEA5A49D4046271B511F7100F5EBFE350ED7D4524DEC71E8979AC5C6492E7A163C015B76BE18B61FEB834AC474C9033F856DDB592408228D005FA74AD382003B7344AABE828D25D4A9A3F87ED34E985C243B66C6339240FD6BA45DB8E9CE339AA9192073CF1E953A2824739E79AC5B72DCD1251D89E21BDB77F08E9EF56C0F4355D71D3D2A6539033C50912DDC909A899CEEF6A2475CF06985BB536214B530C8C0F141618C1E6984FE948638CC734D338E84734C3CD464668113654F7A6E79E08FA5576C8E87A546CE41E6802D348463228AA0F2F3D4D15B456866CE5A9E3A29F6A28ACC67796B71E6584049C131AFF2A249F8EBD3B51457A5293212D4AAF283CD40CC09C76A28AC24CD10A095E3B5387CC68A2B36592A824F1CD3CC7EA451454B01A5940185CD549A2CBEF5C0C8E945159B18C11A81D39EFC548883B0FCE8A2A4648B96200E38AB2ABDB14514225B2406A4048145140889DF3C8E299BFF00FD74514806B31EBDE99E6738145140C6B49CF1D6A3321CD145021AD2542F28C7268A29A132AC9361BA8A28A2B78AD0C9BD4FFFD9,'1895429.jpg',0,0,0,0,'www.dharmais.co.id','',7,13,191,NULL),
 (4,'Jl. RS.Fatmawati, Cilandak, Jakarta Selatan,DKI Jakarta Indonesia','H004','iph.rsf@gmail.com','','admin','2015-04-16 21:48:47','',NULL,2,'Rumah Sakit Fatmawati','Government',0,'\0','02133777',0xFFD8FFE000104A46494600010200000100010000FFDB004300080606070605080707070909080A0C140D0C0B0B0C1912130F141D1A1F1E1D1A1C1C20242E2720222C231C1C2837292C30313434341F27393D38323C2E333432FFDB0043010909090C0B0C180D0D1832211C213232323232323232323232323232323232323232323232323232323232323232323232323232323232323232323232323232FFC0001108007800A303012200021101031101FFC4001F0000010501010101010100000000000000000102030405060708090A0BFFC400B5100002010303020403050504040000017D01020300041105122131410613516107227114328191A1082342B1C11552D1F02433627282090A161718191A25262728292A3435363738393A434445464748494A535455565758595A636465666768696A737475767778797A838485868788898A92939495969798999AA2A3A4A5A6A7A8A9AAB2B3B4B5B6B7B8B9BAC2C3C4C5C6C7C8C9CAD2D3D4D5D6D7D8D9DAE1E2E3E4E5E6E7E8E9EAF1F2F3F4F5F6F7F8F9FAFFC4001F0100030101010101010101010000000000000102030405060708090A0BFFC400B51100020102040403040705040400010277000102031104052131061241510761711322328108144291A1B1C109233352F0156272D10A162434E125F11718191A262728292A35363738393A434445464748494A535455565758595A636465666768696A737475767778797A82838485868788898A92939495969798999AA2A3A4A5A6A7A8A9AAB2B3B4B5B6B7B8B9BAC2C3C4C5C6C7C8C9CAD2D3D4D5D6D7D8D9DAE2E3E4E5E6E7E8E9EAF2F3F4F5F6F7F8F9FAFFDA000C03010002110311003F00EFEE1320D72DADC58247707FC6BB19A3383C5731AC265BF1FF001AF2EB2D8EDA671B730727EB56EC6F3701149F7C0EA7F8A9F7116735917F17CABF5AC51AEE74EAD91D053F191D71552C5D9A24490FCFB78F7157BCB35D11462D91046391E6B0FC07F8530C2E4FFC7CCA3E817FC2A665239F4A09EF458572036B31E97D703E8B1FFF00135D0E91AC59E9DA70B6BAD2A2BF9413FBF9768639FA2F6F6C562026A45C77AA4DAD84D2652367707FE62777FF007CC5FF00C451F649FF00E825747EAB17FF001157CEDED4D22A477298B59475BEB83F509FFC4D11C4E4B1FB44879C03F2F38FC3D7356882149C67D877A448CA4617392072718C9F5A077212A40FF58DFA7F8556B89843133B1240156A62110B310001924D615CCDF6B9804398D7A11DCD66CA8A121469A4691FEF3364D76BA3458B44FC2B97B58715D5DB5CC1A7E96B3CED8400600EAC71D0514D394D241524A316D9D0DB2E00F6ABE9589E1BBF9754D3259E4017FD2595547F0AED5E2B7556BB65070972B39633538A921D9A2A1173136761770095251198641C11903B1047E145031F2C3F29FA579FF8AEEDEC228A6450C0CC1581EE30D5E9725C1442446AEA0742067A1F6E7B75F7E6BCDFC5B00BCD2D6153F30983F3D7EE9FF1AE7C42D8DA8EE63C57115F425A039C7504723EB54EFE2C221231F356324B75A5CFBE376461C67FC7D456D4DAD43AB4302EC58E753F32A8E1BE95CDD0E9B34CDFB7D3C34703B2F215581FC2BB3BFF000BC76EBBA1C951EB54218E392CEDC800131AF03E95D5E957C2FED04570079A0609F5AEFA71563866F53CF6EED0C4C411C5673A7964A375EA3E95DCEB9A66C2481C1E958769A943A646E971A6DBDE367E533283B579E0641EE7F5F6A6E00A473E08069E0D6F9F14D976F0E69BF8C6BFE149FF000945AF6F0FE97FF7E47F854F2AEE3E66620A785CD6CFFC24F6E471A16963FED80A6FFC24909E3FB174B1FF006C7FFAF472AEE1CCCCC584E33E9C53FCA1DC54B71AA477AE196D6D6DD5091FB85C6EF5CFE3C5579AF11130BCB1200039E68E5482E666A6A64826893236C659B03B60FF008564D9C1FE8E871D457632E97F66D0EE1E4E65689D98FBE0D732248AD2C239663850A38EE4FA0AE6ABA337A7B133491D9C06698ED51D3D49F415A767A1DDF88A7B761BA2B45B747673C804F3B5477278FA0EBD81E26FAFEE358BA5FEEAFCA88BD107F8FBD7AD7855C8D360B59943C26244640A4EE21003BBDB03FA739C55E1A6E9D4BADCCF11495485A458F0AE9CF67A4AABA22ABB7980AB6771200EBD0F4EA38E98CF53B4227936B1DF1057CEDC8CB01D33E83BE3AF4CF7156C4A782E55882483CF1FAFA529B83FE49AED93E677673C63CA9451584614000600E8051537DA1BD4FE668A9D0A32A49CAA906B8FD6F0703FDAFF001AE9DCED04EE1D2B98D5417E7D0E3F9D71D777B1D14CE4F52B7122608E6AB5BDAAC582A067D6B4EF57E5A8E24181C77AE5B9D49E874FA06A52DCDCBD94D1B868C168D9971B901DBFCFA1FF000E7A282E7C80248CE08EFEB469B6B0AC56C18C4BB1084F93A6EDA48C81DC8079EA7E9594C93DA8FB1DEC42DEE8F36EC1C18E7519CE3D3F4EA32075AF555B74AC799AAD24EE76365A85B6B96AD09204E9F797FA8AE4F5BD31A076E39ACFB5BDB8B0BD13C4DB268CF20F4F707DABB5696DFC41A679F08DB28186427A1A7B86C799C8B82474A8D371603D4E392056BDDE9CA2E6457B8483B82EAC57FF001D04E7A76C7D3BD41A7C009CEAD67FF7C4DFFC6EA6C3B95A5FDD3142416070769047E04706ABC9315C9009C0E83A9AD37D3EDF6FFC84ECC7BED9BFF88AA173696F126E5BEB7B839E12359011EFF3281FAD160B9034A628797CE072718CFBD3B40B07BCD5EC6EE624F9ACC6319C8DA00E7F1FE58F7AA640BCBA5B6CFEEC1065C1C1C6718FC4FF005AEE742B40DABC0588F919F1EC0E7FF89A7626FA9A9E2088268D7381D207FF00D04D78CDD1BABBB88919818C611401F7457BB788E28C6857C4BA8FF477033EBB4E2BC64461678C607DEAE4C4E9247661FE164BB6CF468A0F3B71799D5170B9C9271F80E6BD13427F2ADD48F4C579E78857E6D33DAE17B7B8AF44D2A3181183C0A8A7F126137A3379272D532B1206E3815503A4438E4FB7348D70E7EEFCBFCEBB2E73D8BF91E868ACBDC73D68A5CC162228247907618FEB5CE5E2EE563E8FFD2BA389FF007927E1FD6B9E9CE636FF007CFF002AE6ADD0DA99CE5E8C8E6A38C63048EF52DEF2B9F7A8D3EF2D72B674AD8F43D39D96D60CF3FBB5FE55D1DE6970EA317D96E30D1AC6060F7EBC8F43EF5CDDA1DB6D103FF3C947E95D5DB5CC175773F9334722AAA8251837AFA57AB4F63CE9EE71FA87845EC9DA6B31E6DB6F21946E32A2E4F3DFCCEFE87A0EF919304F241FBBB7B94686E4140E872ADD54FB820FF9C57A3492ED8B9E866C0FFBEAB13C43676EE6D6E5500944ECA481D4124F3F95535D894CF37D36492FE3944EE54C72B4609E7715C73FA8AD61A642555BEDD0027A82AF91FF008ED49A0E98B75A54EA48F316FE760DB7193B171C678E9D2842E498E4D88E3A8DA07FECD58295B7376AEC865D3A20BC5E41FF007CBFFF00135937891D9A4921756007519C1FC08ADD60B840CEA011C93839E7B7CD59BAADB1BCD2EE50ED08AAA7EEFDE3B8700E7EBF950A7A92E3657286816335D6A52B3AFCCDB3217A0E6BD06D2CBEC8D6D290C19982F4FF007F3FCAABF87EC23B4BF95180CA2440FD77D6D6A92E0D9A2F5F3E43F96EFF001ADEDA182D59535D24E8F7A19C37EE5C8E3A7CA7A5794E3F7D19FF006857A76AEDBB49BB27FE78BFFE826BCD0FFAD8CFFB42B8B12FDE47761F6637C43C4BA5FF00D771FCC577BA53FEEC1393C0FE42B82F10FF00ADD2F9FF0096E3F98AEF7473CFA7CA3F90A8A7BA09EC6B8048E052AAB31E4F438E288D874F734E85B97FF78D75D8E72510478E464FD68A76FF007A2A84644727CEFF0087F5AC398FC8FCFF001FF4AD2586F07222233EB227F8D636A425B38CBCAAA0349818753DBDBE95CF522DDAC8DA2D231EEC7CB8E3AD4684122A9DEEA273FEA8ED038E73939A5B49CC8A188E735CAE0CE94CF4885F16F1738FDDAFF2A95FC3DA53EAD7B1430BDB84785944123205666392141C7E958516B7A7246164D4215640032FCA4823B7DEFE956EDF53B2BBFF004CB6333ACB8FDE196552DB49C705BB1CD7A318BE5D4E06F5D19611B5382DE478B5799D56E58EDB98C49C89645183C11F7067D79A7DD6A77F72563B986DC44976F1ABC4EDB89191CA91D39F5FF1A847D9B6616293EF173FBE93AE49CFDEF5627F1AAF77243040F3246E5D374881A7720B9EF8C9E727D2AB9592D8BA1482286E707045DCA7FF001D02A59B13DA4D32E04D12B15F43873C1AE7AC6F2FB6CFF6486221A52CC2552C0138CFCC197F2DB52F9B7B72C6386608CE594C318DC09CE09248C819C9FF0038AC39744AE6D7DF43347882792FA3B61688A1DF6872E7D4F38D9EA0F7ADDBF655D3844318CFFECCE6B04F83F58B6B8178D35B91E66FDA8E777EA3153B5DCFE4C713C71C87784667562C492D8F94328F5FCEA631F7936549A6AC8ED2D6E7FE26F7F83FC483FF001EAB5ABCC3ED3698380279BF9570E35A9E3BA698C3B1A420C8A27085707AFCE9B7F0DD562E75FDD768F709A8476F192E65961464CB0C7DE4F5E2BB3924D6872A693D4E83539B3A65D0F589FF0091AF3FFF0096B1FF00BD5B775E27D2A6B79218EF646924528AA6D9D4124600C9AE6679D9258C800FCD5C58884949268ECA124E2EC59F107FADD30FFD375FE62BB8D3599776DDB9C0EBF8571B25C4777E524910DE0E536ED639FC41C7E95D8D95A5D0424AAE481C09578E3EB53084AEB409B563496593A6E507711C0CD3A391F6C9FBCC609EDD78AA6D15D46798643CFF0001DDFCA8097401C5B4F83C9F95ABA35313471FF4D64FFBEA8ACC324E0E0C72FE468A60708FA87896ECA2C5135B93FC51DBE01FA97C8ABD6D16AAF048BABB975DCBE583B073839FB9F875AA6353D4EE9B1E78453DA35FF26A4D25A79209CCF2BC8E2620339C903038A2B574E1CB18A414E8B52BB95C4B98210B811AE3DC66A18D02631EB535D3600F6355C3FCCB5E7DCED5B166DD55AF8A2E9B6CC19FE6774DC4F3C9E6BA1B72B04423455083A00A063F202A786CC42A8FF2676839C8ACB13B36420DC47E43F1AF460DB5A9C32496C68F9E00CE71552E2F30F06790D2A8CFD0FF00F5AAADC5D436D1E667DEC7A20FF0FF001A820B6BAD66459653E5C08DF281DF9EDFE35D0A9E977A230954D6CB564BA61B99D6E21814A8370C4C8470071F99F6AEAF4CD28429FBB866C9396648892C7D4F22A2D3F4B70891C4A1514600DD5D0DBE8D7D81B640BFF03AC3956C9686B77BB2A5CDA4822E63BCE3FBD0903FF4235C6EB162F1CEB750AB6E470EF1E3EF63B8F7C13FE7AFA1CDA45EEC3BA4CFFDB4AE7EFACA54277751EF45B95DEC17BA39D824B7BE8724065E7AFD69B268F1EE2F6B2CD139FF009E7919FC8D477B68F6329B9807EE89CBA03F77DC7F9FFEB58B5BC59941079AA942CB9A3B1319DDF2BDCC9BBB2BFF0030493C51CA17FE5A4B00DC00F438AA6154CC8719F9BBD75172D9B39C827FD5B77F635C96FF00DEA7FBD5C55DB6D1D947666B0B58199311AA9E3EE8DBFCAAACBFF094DA7CC279248E32061511F70FCB71FE75A16C0C871E82A830BF8750BA5B59DE348F69541CA8F94678E95A61AB7B3BA6AF733AD4F9F67619FF00095EB16973B6E2DE0503AC7B1E36FCC938FCAA78FC7771E67EFAC6458F1D63B8DE7F2207F3A68D72F5018EEED639E33C1C7191F4E948D75E1FBADBE7D9F90C074DA507FE3B5DCAAD196F1FB8E670AAB69164F8FA207FD5EA1F92FF00F154556FB3786DB912201FF5D1BFC68A57A1E616ADE46ADBD8A4480002B3E1C4292E0FFCB53FCAB7B6E2B9D9DC244E7A6643FCABCE99DB128DDCBF2F5EF50248323DEA0BC9B03155E2B8CF7E7350A069CDA1DF24FB6DD327F84561DC6A9F2F956C071C6EC703E9EB41BC791238E30598A80303BD69699A379444D3A2993F853FBBFF00D7AF4E94634E3CD3F91E65494AA4B96054D3B496B83E7DD6F20F4563CB7B9AE9208550055C28030001D2A48A03FDDABB1DAB1FE1ACE75653776690A6A0AC8489DA3180F8C55B82E662DFEB4E3EB425848C384FD2AE43A638E5A33F954AB96324BA90A906535973CAED9CBE7EB5B2F638CFEECFE3597716C558FCB8A24248CB74072ADCA9EA3AE6B9FBDB26D3A512C249818F23AED3E9FF00D7AE9E488E3818AAB3C42589A39137291820D3A75791EBB133A7CCB4DCC56BC12584FCFF00CB36FE55CC09BF7A83D4D6BEA76D358EF44F9A39148524E3B743EF5CE3C7711CAA597201EA2957A1CCF9A1AA2E856515CB3D19D45BCC78C1C1C55FB340F713B1E4B05CFE42B9E82E0E05743A636E2C7D42FF002AE44ACCE86EE86DC69E18922B366D38F23008FA574DB41151B421874AD4CCE41B4C8F71F928AEA4D882738A29DD8684CF2641AE5B52976C2DFF005D7FA1A28A94AF2498DBB45B315E2370E37642FB55AB5D3D5A458E28F7B31FAD1457A7ECE308E88F3BDA4A72D59D9E9DA4C7680484EF9B1F7BB0FA56CC112E68A2BCF72727767728A8AB2352DA24E322B6ED21871F7451456912646A449100381538098E828A2BA119B23758C8E40ACBBE8A1C1E0514544F61A30678D3278ACC962DAE71D28A2B999AA285DDB43750B472AE54FE60FAD71F7F6A6CE66864C11D5580C6476A28ADF0D27CDCBD0C31315CBCDD4A24043953C5747A44994FF80AFF002A28A315149A6830D26D34CD956A9148068A2B9CE9250EB8E945145007FFD9,'hospital-corridor-interior-design-rendering-corridor-wallpaper-design-ideas.jpg',0,0,0,0,'www.fatmawatihospital.com','12430',21,13,193,NULL);
INSERT INTO `ee_hospitals` (`id`,`address`,`code`,`email`,`fax`,`logChangedBy`,`logChangedOn`,`logCreatedBy`,`logCreatedOn`,`logSaveTimes`,`name`,`ownerType`,`ownerTypeIndex`,`partnership`,`phone`,`photo`,`photoName`,`totalDoctor`,`totalRater`,`totalRating`,`totalRoom`,`website`,`zipCode`,`hospitalType_id`,`province_id`,`regency_id`,`user_id`) VALUES 
 (5,'','H005','email@email.com','','admin','2015-04-16 16:19:48','',NULL,1,'RS Siloam Kebon Jeruk','',NULL,'\0','',NULL,'',0,0,0,0,'www.website.com','',NULL,NULL,NULL,NULL),
 (6,'Jl. Raya Mangga Besar No. 137-139, Jakarta Pusat','H006','email@email.com','62216497494','admin','2015-04-16 16:19:48','',NULL,1,'Rumah Sakit Husada','Private',1,'\0','62216260108',NULL,'',0,0,0,0,'www.husada.co.id','10730',21,13,192,NULL),
 (7,'Jl. Mahoni 1, Cijantung II, Pasar Rebo, Jakarta Timur','H007','kesdamjaya_cijantung@yahoo.com','2187793332','admin','2015-04-16 16:19:48','',NULL,1,'Rumah Sakit Kesdam Jaya Cijantung','',NULL,'\0','0218407886',NULL,'',0,0,0,0,'www.website.com','',21,13,194,NULL),
 (8,'Jl. Jend. Gatot Subroto Kav. 59, Jakarta Selatan','H008','customercare@medistra.com','62215210184','admin','2015-04-16 16:19:48','',NULL,1,'Rumah Sakit Medistra','Private',1,'\0','62215210200',NULL,'',0,0,0,0,'www.medistra.com','12950',21,13,193,NULL);
INSERT INTO `ee_hospitals` (`id`,`address`,`code`,`email`,`fax`,`logChangedBy`,`logChangedOn`,`logCreatedBy`,`logCreatedOn`,`logSaveTimes`,`name`,`ownerType`,`ownerTypeIndex`,`partnership`,`phone`,`photo`,`photoName`,`totalDoctor`,`totalRater`,`totalRating`,`totalRoom`,`website`,`zipCode`,`hospitalType_id`,`province_id`,`regency_id`,`user_id`) VALUES 
 (9,'Jl. Letjend. Tb. Simatupang No.30, Gedong, Jakarta Timur','H009','admin@rsudpasarrebo.com','','admin','2015-04-16 16:19:48','',NULL,1,'Rumah Sakit Pasar Rebo','Government',0,'\0','62218401127',NULL,'',0,0,0,0,'rsudpasarrebo.com','13760',21,13,194,NULL),
 (10,'Jl. Baru Sunter Permai Raya, Jakarta Utara','H010','email@email.com','','admin','2015-04-16 16:19:48','',NULL,1,'Rumah Sakit Penyakit Infeksi Prof. Dr. Sulianti Saroso','Government',0,'\0','',NULL,'',0,0,0,0,'rspi-suliantisaroso.co.id','14340',21,13,195,NULL),
 (11,'','H011','','','admin','2015-04-16 16:19:48','',NULL,1,'Rumah Sakit Umum Mary Cileungsi','',NULL,'\0','',NULL,'',0,0,0,0,'','',NULL,NULL,NULL,NULL),
 (12,'','H012','','','admin','2015-04-16 16:19:48','',NULL,1,'Rumah Sakit MH Thamrin Cileungsi','',NULL,'\0','',NULL,'',0,0,0,0,'','',NULL,NULL,NULL,NULL);
INSERT INTO `ee_hospitals` (`id`,`address`,`code`,`email`,`fax`,`logChangedBy`,`logChangedOn`,`logCreatedBy`,`logCreatedOn`,`logSaveTimes`,`name`,`ownerType`,`ownerTypeIndex`,`partnership`,`phone`,`photo`,`photoName`,`totalDoctor`,`totalRater`,`totalRating`,`totalRoom`,`website`,`zipCode`,`hospitalType_id`,`province_id`,`regency_id`,`user_id`) VALUES 
 (13,'','H013','','','admin','2015-04-16 16:19:48','',NULL,1,'Rumah Sakit Ibu dan Anak Graha Permata Ibu','',NULL,'\0','',NULL,'',0,0,0,0,'','',NULL,NULL,NULL,NULL),
 (14,'','H014','','','admin','2015-04-16 16:19:48','',NULL,1,'Rumah Sakit Eka Hospital','',NULL,'\0','',NULL,'',0,0,0,0,'','',NULL,NULL,NULL,NULL),
 (15,'','H015','','','admin','2015-04-16 16:19:48','',NULL,1,'Rumah Sakit Internasional Omni','',NULL,'\0','',NULL,'',0,0,0,0,'','',NULL,NULL,NULL,NULL),
 (16,'','H016','','','admin','2015-04-16 16:19:48','',NULL,1,'Rumah Sakit Pondok Indah-Bintaro Jaya','',NULL,'\0','',NULL,'',0,0,0,0,'','',NULL,NULL,NULL,NULL),
 (17,'','H017','','','admin','2015-04-16 16:19:48','',NULL,1,'Rumah Sakit Umum Daerah Adjidarmo','',NULL,'\0','',NULL,'',0,0,0,0,'','',NULL,NULL,NULL,NULL),
 (18,'','H018','','','admin','2015-04-16 16:19:48','',NULL,1,'Rumah Sakit Advent Bandung','',NULL,'\0','',NULL,'',0,0,0,0,'','',NULL,NULL,NULL,NULL);
INSERT INTO `ee_hospitals` (`id`,`address`,`code`,`email`,`fax`,`logChangedBy`,`logChangedOn`,`logCreatedBy`,`logCreatedOn`,`logSaveTimes`,`name`,`ownerType`,`ownerTypeIndex`,`partnership`,`phone`,`photo`,`photoName`,`totalDoctor`,`totalRater`,`totalRating`,`totalRoom`,`website`,`zipCode`,`hospitalType_id`,`province_id`,`regency_id`,`user_id`) VALUES 
 (19,'','H019','','','admin','2015-04-16 16:19:48','',NULL,1,'Rumah Sakit Umum Pusat Hasan Sadikin','',NULL,'\0','',NULL,'',0,0,0,0,'','',NULL,NULL,NULL,NULL),
 (20,'','H020','','','admin','2015-04-16 16:19:48','',NULL,1,'Rumah Sakit Jiwa Riau 11','',NULL,'\0','',NULL,'',0,0,0,0,'','',NULL,NULL,NULL,NULL),
 (21,'','H021','','','admin','2015-04-16 16:19:48','',NULL,1,'Rumah Sakit Umum Daerah Kota Bandung','',NULL,'\0','',NULL,'',0,0,0,0,'','',NULL,NULL,NULL,NULL),
 (22,'','H022','','','admin','2015-04-16 16:19:48','',NULL,1,'Rumah Bersalin FATIMAH Ujungberung','',NULL,'\0','',NULL,'',0,0,0,0,'','',NULL,NULL,NULL,NULL),
 (23,'','H023','','','admin','2015-04-16 16:19:48','',NULL,1,'Rumah Sakit Khusus Bedah Halmahera Siaga','',NULL,'\0','',NULL,'',0,0,0,0,'','',NULL,NULL,NULL,NULL),
 (24,'','H024','','','admin','2015-04-16 16:19:48','',NULL,1,'Rumah Sakit Santosa','',NULL,'\0','',NULL,'',0,0,0,0,'','',NULL,NULL,NULL,NULL);
INSERT INTO `ee_hospitals` (`id`,`address`,`code`,`email`,`fax`,`logChangedBy`,`logChangedOn`,`logCreatedBy`,`logCreatedOn`,`logSaveTimes`,`name`,`ownerType`,`ownerTypeIndex`,`partnership`,`phone`,`photo`,`photoName`,`totalDoctor`,`totalRater`,`totalRating`,`totalRoom`,`website`,`zipCode`,`hospitalType_id`,`province_id`,`regency_id`,`user_id`) VALUES 
 (25,'','H025','','','admin','2015-04-16 16:19:48','',NULL,1,'Rumah Sakit Borromeus','',NULL,'\0','',NULL,'',0,0,0,0,'','',NULL,NULL,NULL,NULL),
 (26,'','H026','','','admin','2015-04-16 16:19:48','',NULL,1,'Rumah Sakit Umum Cibabat','',NULL,'\0','',NULL,'',0,0,0,0,'','',NULL,NULL,NULL,NULL),
 (27,'','H027','','','admin','2015-04-16 16:19:48','',NULL,1,'Rumah Sakit Tk. II Dustira','',NULL,'\0','',NULL,'',0,0,0,0,'','',NULL,NULL,NULL,NULL),
 (28,'','H028','','','admin','2015-04-16 16:19:48','',NULL,1,'Rumah Sakit Umum Daerah Soreang','',NULL,'\0','',NULL,'',0,0,0,0,'','',NULL,NULL,NULL,NULL);
/*!40000 ALTER TABLE `ee_hospitals` ENABLE KEYS */;


--
-- Table structure for table `e_emergency`.`ee_room_classes`
--

DROP TABLE IF EXISTS `ee_room_classes`;
CREATE TABLE `ee_room_classes` (
  `id` bigint(20) NOT NULL AUTO_INCREMENT,
  `code` varchar(8) DEFAULT NULL,
  `logChangedBy` varchar(32) DEFAULT NULL,
  `logChangedOn` datetime DEFAULT NULL,
  `logCreatedBy` varchar(32) DEFAULT NULL,
  `logCreatedOn` datetime DEFAULT NULL,
  `logSaveTimes` int(11) DEFAULT NULL,
  `name` varchar(32) DEFAULT NULL,
  PRIMARY KEY (`id`)
) ENGINE=InnoDB AUTO_INCREMENT=6 DEFAULT CHARSET=latin1;

--
-- Dumping data for table `e_emergency`.`ee_room_classes`
--

/*!40000 ALTER TABLE `ee_room_classes` DISABLE KEYS */;
INSERT INTO `ee_room_classes` (`id`,`code`,`logChangedBy`,`logChangedOn`,`logCreatedBy`,`logCreatedOn`,`logSaveTimes`,`name`) VALUES 
 (1,'RC01','admin','2015-04-16 16:19:48','',NULL,1,'VVIP'),
 (2,'RC02','admin','2015-04-16 16:19:48','',NULL,1,'VIP'),
 (3,'RC03','admin','2015-04-16 16:19:48','',NULL,1,'I'),
 (4,'RC04','admin','2015-04-16 16:19:48','',NULL,1,'II'),
 (5,'RC05','admin','2015-04-16 16:19:48','',NULL,1,'III');
/*!40000 ALTER TABLE `ee_room_classes` ENABLE KEYS */;


--
-- Table structure for table `e_emergency`.`ee_schedules`
--

DROP TABLE IF EXISTS `ee_schedules`;
CREATE TABLE `ee_schedules` (
  `id` bigint(20) NOT NULL AUTO_INCREMENT,
  `day_` varchar(12) DEFAULT NULL,
  `dayIndex` int(11) DEFAULT NULL,
  `logChangedBy` varchar(32) DEFAULT NULL,
  `logChangedOn` datetime DEFAULT NULL,
  `logCreatedBy` varchar(32) DEFAULT NULL,
  `logCreatedOn` datetime DEFAULT NULL,
  `logSaveTimes` int(11) DEFAULT NULL,
  `timeBegin` time DEFAULT NULL,
  `timeEnd` time DEFAULT NULL,
  `doctor_id` bigint(20) DEFAULT NULL,
  `hospital_id` bigint(20) DEFAULT NULL,
  PRIMARY KEY (`id`),
  KEY `FK64FD7FDD9A072C93` (`hospital_id`),
  KEY `FK64FD7FDD5C3478B3` (`doctor_id`),
  CONSTRAINT `FK64FD7FDD5C3478B3` FOREIGN KEY (`doctor_id`) REFERENCES `ee_doctors` (`id`),
  CONSTRAINT `FK64FD7FDD9A072C93` FOREIGN KEY (`hospital_id`) REFERENCES `ee_hospitals` (`id`)
) ENGINE=InnoDB AUTO_INCREMENT=4 DEFAULT CHARSET=latin1;

--
-- Dumping data for table `e_emergency`.`ee_schedules`
--

/*!40000 ALTER TABLE `ee_schedules` DISABLE KEYS */;
INSERT INTO `ee_schedules` (`id`,`day_`,`dayIndex`,`logChangedBy`,`logChangedOn`,`logCreatedBy`,`logCreatedOn`,`logSaveTimes`,`timeBegin`,`timeEnd`,`doctor_id`,`hospital_id`) VALUES 
 (1,'Monday',1,NULL,NULL,'admin','2015-04-16 23:03:19',0,'06:00:00','18:00:00',1,3),
 (2,'Monday',1,NULL,NULL,'admin','2015-04-16 23:03:40',0,'06:00:00','18:00:00',2,3),
 (3,'Tuesday',2,NULL,NULL,'admin','2015-04-16 23:03:55',0,'06:00:00','18:00:00',3,3);
/*!40000 ALTER TABLE `ee_schedules` ENABLE KEYS */;


--
-- Table structure for table `e_emergency`.`ee_specialists`
--

DROP TABLE IF EXISTS `ee_specialists`;
CREATE TABLE `ee_specialists` (
  `id` bigint(20) NOT NULL AUTO_INCREMENT,
  `code` varchar(8) DEFAULT NULL,
  `logChangedBy` varchar(32) DEFAULT NULL,
  `logChangedOn` datetime DEFAULT NULL,
  `logCreatedBy` varchar(32) DEFAULT NULL,
  `logCreatedOn` datetime DEFAULT NULL,
  `logSaveTimes` int(11) DEFAULT NULL,
  `name` varchar(32) DEFAULT NULL,
  PRIMARY KEY (`id`)
) ENGINE=InnoDB AUTO_INCREMENT=30 DEFAULT CHARSET=latin1;

--
-- Dumping data for table `e_emergency`.`ee_specialists`
--

/*!40000 ALTER TABLE `ee_specialists` DISABLE KEYS */;
INSERT INTO `ee_specialists` (`id`,`code`,`logChangedBy`,`logChangedOn`,`logCreatedBy`,`logCreatedOn`,`logSaveTimes`,`name`) VALUES 
 (1,'S001','admin','2015-04-16 16:19:47','',NULL,1,'Umum'),
 (2,'S002','admin','2015-04-16 16:19:47','',NULL,1,'Ahli Bedah Anak'),
 (3,'S003','admin','2015-04-16 16:19:47','',NULL,1,'Ahli Bedah Orthopedi'),
 (4,'S004','admin','2015-04-16 16:19:47','',NULL,1,'Ahli Bedah Plastik'),
 (5,'S005','admin','2015-04-16 16:19:47','',NULL,1,'Ahli Bedah Syaraf'),
 (6,'S006','admin','2015-04-16 16:19:47','',NULL,1,'Ahli Bedah Thorax'),
 (7,'S007','admin','2015-04-16 16:19:47','',NULL,1,'Anak'),
 (8,'S008','admin','2015-04-16 16:19:47','',NULL,1,'Bedah'),
 (9,'S009','admin','2015-04-16 16:19:47','',NULL,1,'Forensik'),
 (10,'S010','admin','2015-04-16 16:19:47','',NULL,1,'Gigi'),
 (11,'S011','admin','2015-04-16 16:19:47','',NULL,1,'Jantung & Pembuluh Darah'),
 (12,'S012','admin','2015-04-16 16:19:47','',NULL,1,'Kesehatan Jiwa'),
 (13,'S013','admin','2015-04-16 16:19:47','',NULL,1,'Kulit & Kelamin'),
 (14,'S014','admin','2015-04-16 16:19:47','',NULL,1,'Mata');
INSERT INTO `ee_specialists` (`id`,`code`,`logChangedBy`,`logChangedOn`,`logCreatedBy`,`logCreatedOn`,`logSaveTimes`,`name`) VALUES 
 (15,'S015','admin','2015-04-16 16:19:47','',NULL,1,'Obsgin'),
 (16,'S016','admin','2015-04-16 16:19:47','',NULL,1,'Ofthalmologi'),
 (17,'S017','admin','2015-04-16 16:19:47','',NULL,1,'Okupasi'),
 (18,'S018','admin','2015-04-16 16:19:47','',NULL,1,'Orthopedi'),
 (19,'S019','admin','2015-04-16 16:19:47','',NULL,1,'Paru'),
 (20,'S020','admin','2015-04-16 16:19:47','',NULL,1,'Patologi Anatomi'),
 (21,'S021','admin','2015-04-16 16:19:47','',NULL,1,'Penyakit Dalam'),
 (22,'S022','admin','2015-04-16 16:19:47','',NULL,1,'Psikiatri'),
 (23,'S023','admin','2015-04-16 16:19:48','',NULL,1,'Radiologi'),
 (24,'S024','admin','2015-04-16 16:19:48','',NULL,1,'Rehabilitasi Medik'),
 (25,'S025','admin','2015-04-16 16:19:48','',NULL,1,'Syaraf'),
 (26,'S026','admin','2015-04-16 16:19:48','',NULL,1,'THT'),
 (27,'S027','admin','2015-04-16 16:19:48','',NULL,1,'Urologi'),
 (28,'S028','admin','2015-04-16 16:19:48','',NULL,1,'Andrologi'),
 (29,'S029','admin','2015-04-16 16:19:48','',NULL,1,'Akupuntur');
/*!40000 ALTER TABLE `ee_specialists` ENABLE KEYS */;


--
-- Table structure for table `e_emergency`.`util_areas`
--

DROP TABLE IF EXISTS `util_areas`;
CREATE TABLE `util_areas` (
  `id` bigint(20) NOT NULL AUTO_INCREMENT,
  `code` varchar(8) DEFAULT NULL,
  `logChangedBy` varchar(32) DEFAULT NULL,
  `logChangedOn` datetime DEFAULT NULL,
  `logCreatedBy` varchar(32) DEFAULT NULL,
  `logCreatedOn` datetime DEFAULT NULL,
  `logSaveTimes` int(11) DEFAULT NULL,
  `name` varchar(32) DEFAULT NULL,
  PRIMARY KEY (`id`)
) ENGINE=InnoDB DEFAULT CHARSET=latin1;

--
-- Dumping data for table `e_emergency`.`util_areas`
--

/*!40000 ALTER TABLE `util_areas` DISABLE KEYS */;
/*!40000 ALTER TABLE `util_areas` ENABLE KEYS */;


--
-- Table structure for table `e_emergency`.`util_configs`
--

DROP TABLE IF EXISTS `util_configs`;
CREATE TABLE `util_configs` (
  `id` bigint(20) NOT NULL AUTO_INCREMENT,
  `appl` varchar(32) DEFAULT NULL,
  `file_` longblob,
  `key_` varchar(255) DEFAULT NULL,
  `logChangedBy` varchar(32) DEFAULT NULL,
  `logChangedOn` datetime DEFAULT NULL,
  `logCreatedBy` varchar(32) DEFAULT NULL,
  `logCreatedOn` datetime DEFAULT NULL,
  `logSaveTimes` int(11) DEFAULT NULL,
  `value_` varchar(255) DEFAULT NULL,
  PRIMARY KEY (`id`)
) ENGINE=InnoDB AUTO_INCREMENT=29 DEFAULT CHARSET=latin1;

--
-- Dumping data for table `e_emergency`.`util_configs`
--

/*!40000 ALTER TABLE `util_configs` DISABLE KEYS */;
INSERT INTO `util_configs` (`id`,`appl`,`file_`,`key_`,`logChangedBy`,`logChangedOn`,`logCreatedBy`,`logCreatedOn`,`logSaveTimes`,`value_`) VALUES 
 (1,'e-emergency-zk',NULL,'UtilConfAppl.applLanguage',NULL,NULL,NULL,'2015-04-16 16:19:11',0,'0'),
 (2,'e-emergency-zk',NULL,'UtilConfAppl.applLookAndFeel',NULL,NULL,NULL,'2015-04-16 16:19:11',0,'0'),
 (3,'e-emergency-zk',NULL,'UtilConfAppl.applMenuPosition',NULL,NULL,NULL,'2015-04-16 16:19:11',0,'0'),
 (4,'e-emergency-zk',NULL,'UtilConfAppl.applWallpaper',NULL,NULL,NULL,'2015-04-16 16:19:11',0,NULL),
 (5,'e-emergency-zk',NULL,'UtilConfAppl.applWallpaperName',NULL,NULL,NULL,'2015-04-16 16:19:11',0,NULL),
 (6,'e-emergency-zk',NULL,'UtilConfAppl.companyLogo',NULL,NULL,NULL,'2015-04-16 16:19:11',0,NULL),
 (7,'e-emergency-zk',NULL,'UtilConfAppl.companyLogoName',NULL,NULL,NULL,'2015-04-16 16:19:11',0,NULL),
 (8,'e-emergency-zk',NULL,'UtilConfAppl.companyName',NULL,NULL,NULL,'2015-04-16 16:19:11',0,NULL),
 (9,'e-emergency-zk',NULL,'UtilConfAppl.companyAddress',NULL,NULL,NULL,'2015-04-16 16:19:11',0,NULL),
 (10,'e-emergency-zk',NULL,'UtilConfAppl.companyCity',NULL,NULL,NULL,'2015-04-16 16:19:11',0,'147');
INSERT INTO `util_configs` (`id`,`appl`,`file_`,`key_`,`logChangedBy`,`logChangedOn`,`logCreatedBy`,`logCreatedOn`,`logSaveTimes`,`value_`) VALUES 
 (11,'e-emergency-zk',NULL,'UtilConfAppl.companyProvince',NULL,NULL,NULL,'2015-04-16 16:19:11',0,'10'),
 (12,'e-emergency-zk',NULL,'UtilConfAppl.companyState',NULL,NULL,NULL,'2015-04-16 16:19:11',0,'Indonesia'),
 (13,'e-emergency-zk',NULL,'UtilConfAppl.companyPhone',NULL,NULL,NULL,'2015-04-16 16:19:11',0,NULL),
 (14,'e-emergency-zk',NULL,'UtilConfAppl.companyFax',NULL,NULL,NULL,'2015-04-16 16:19:11',0,NULL),
 (15,'e-emergency-zk',NULL,'UtilConfAppl.companyEmail',NULL,NULL,NULL,'2015-04-16 16:19:11',0,NULL),
 (16,'e-emergency-zk',NULL,'UtilConfAppl.companyWeb',NULL,NULL,NULL,'2015-04-16 16:19:11',0,NULL),
 (17,'e-emergency-zk',NULL,'UtilConfAppl.ownerName',NULL,NULL,NULL,'2015-04-16 16:19:11',0,NULL),
 (18,'e-emergency-zk',NULL,'UtilConfAppl.ownerPosition',NULL,NULL,NULL,'2015-04-16 16:19:11',0,NULL),
 (19,'e-emergency-zk',NULL,'UtilConfAppl.ownerKtp',NULL,NULL,NULL,'2015-04-16 16:19:11',0,NULL),
 (20,'e-emergency-zk',NULL,'UtilConfAppl.ownerNpwp',NULL,NULL,NULL,'2015-04-16 16:19:11',0,NULL);
INSERT INTO `util_configs` (`id`,`appl`,`file_`,`key_`,`logChangedBy`,`logChangedOn`,`logCreatedBy`,`logCreatedOn`,`logSaveTimes`,`value_`) VALUES 
 (21,'e-emergency-zk',NULL,'UtilConfAppl.utilAdditionalTabClass',NULL,NULL,NULL,'2015-04-16 16:19:11',0,NULL),
 (22,'e-emergency-zk',NULL,'UtilConfAppl.utilAdditionalSettingClass',NULL,NULL,NULL,'2015-04-16 16:19:11',0,'model.obj.emergency.EeConfig'),
 (23,'e-emergency-zk',NULL,'EeConfig.groupDoctor',NULL,NULL,'admin','2015-04-16 17:02:52',0,'4'),
 (24,'e-emergency-zk',NULL,'EeConfig.groupHospital',NULL,NULL,'admin','2015-04-16 17:02:52',0,'3'),
 (25,'e-emergency-zk',0xFFD8FFE000104A46494600010200000100010000FFDB004300080606070605080707070909080A0C140D0C0B0B0C1912130F141D1A1F1E1D1A1C1C20242E2720222C231C1C2837292C30313434341F27393D38323C2E333432FFDB0043010909090C0B0C180D0D1832211C213232323232323232323232323232323232323232323232323232323232323232323232323232323232323232323232323232FFC00011080078007803012200021101031101FFC4001F0000010501010101010100000000000000000102030405060708090A0BFFC400B5100002010303020403050504040000017D01020300041105122131410613516107227114328191A1082342B1C11552D1F02433627282090A161718191A25262728292A3435363738393A434445464748494A535455565758595A636465666768696A737475767778797A838485868788898A92939495969798999AA2A3A4A5A6A7A8A9AAB2B3B4B5B6B7B8B9BAC2C3C4C5C6C7C8C9CAD2D3D4D5D6D7D8D9DAE1E2E3E4E5E6E7E8E9EAF1F2F3F4F5F6F7F8F9FAFFC4001F0100030101010101010101010000000000000102030405060708090A0BFFC400B51100020102040403040705040400010277000102031104052131061241510761711322328108144291A1B1C109233352F0156272D10A162434E125F11718191A262728292A35363738393A434445464748494A535455565758595A636465666768696A737475767778797A82838485868788898A92939495969798999AA2A3A4A5A6A7A8A9AAB2B3B4B5B6B7B8B9BAC2C3C4C5C6C7C8C9CAD2D3D4D5D6D7D8D9DAE2E3E4E5E6E7E8E9EAF2F3F4F5F6F7F8F9FAFFDA000C03010002110311003F00F7FA28A2800A64D2A410BCB21C2229663E807269F515D402EAD26B7270258D909FA8C50078CF85FE395B26B1A858F8A0B431B4DE65B4E89958D08184207381EBC9AED26F8B9E0A8A22E9ABF9E71C24503927F318FCCD7CE5AAE8CB25D3C73AB45730B18DB8E41070411F5AAF169C20E5A6181FECE3FAD007B8DFFC6E89C95D2748720F496EA4C73FEE2E7FF42A9B4DF891ABDF905D6CD33D9626FEAD5E1AFA85B5B0C6F271E82B4B4AF1758C532A969139EA578FD2803E8DD3FC4779300655B7907A28287F3C9ADEB6BF86E4EC04A49FDC6EBF87AD794691AB82ABF357550DE2DD4613273D5594F2A7D450076F4563E85AABDEACB6B7381776F8DC7B3A9E8C2B62800A28A2800A28A2800A28A2800A28A2803C8BE25FC3DB89EEE6D7F47883871BEEE05C02081CBAFAE7B8EB9E79CF1CDE8BF0BA5D4EDD2E354BA7B647191144017C7B93C0FC8D7B3F89E46FECC4B5490446EE6580C8C32141C9E9919CEDDBD7BD64C1349677296B78F0ED901F26541B03118CA9049C1E78E79E7A62B1A92927646B08C5ABB3CD6FFE0A5A4887ECB3DCB1ED99067F9579BF893E1E5FF86964B966668908DC1970464E3FAD7D3F16AB6EA82668E7FB31E45C7944C78F5CF5DBFED631DF38A9B5AD1F4FD77499AD2E543C571114DEB8C8047507F514E2DF51492E87CEDA2EB6DF6689D9BE6C00DF5AF41F0DEBB6CD381712100F42188AF2BBBD22EB41D52E74EB91896072ADE8DE8C3D88E7F1A9ADAE9E071F31C56A667B5D8EB11C5E2BD21E39D8A4B24968E0E3952094EDEA057A457CF3E11BA7D5BC65A259C59F92E84EC4FF00B00B1FD01AFA1A800A28A2800A28A2800A28A2800A28A280307C5F0A49A1879177470CF1BB8F6CE0FF003ACC8EC2D5B998C9700294559DCB8507AE33EBEA79AB5AEEAC2E60B9B48768B5DAC934CC339EC42FD3D4FA74EF5CBE9DAA4F0C11DBDEA18AE1635386FE2523823FCF5AE5AA9C65CDD0E8A4D356EA74163A91B0B786C6F1245F2104692A46CCB2281807807071D41EFD3353699208ACDD155A387CD730A30C154272063B0EB81D8605650D5233FC58A73EA7185FBD9AC5D636548A1E2FF0CD8788D166918C17718C2CEA3391E8C3B8AF3C97C093C3B8B6A10ED5192761E95DE5EEAC18ED06B1A795EFE4FB2467EFFF00AC6FEEAF7FC4D553AB36F9511529C52BB3A8F861E0EB2D2F4E8B5C3234F7B7285549185897710401EA71C9FC3D73E875C7F83B568A0D321B0993CB8FCD9121901CA9CC8D853E87B0EC7EB815D85771C81451450014514500145145001597AC5D48A91D95BB159EE320B0382883EF1CFAF381F5CF6AD4AC3B5FF4AB8BAD41B912379717FD735E063D8F2DFF0002A00C6D5208E3B35B18942894794303A0C727F019FD29B0E9D6FADE8369F6C044A2252254E191B1C91F8F6A9AE15AE3569368C8822C0E7AB1E48FD17F3AABA5DD4F6AB6FA7DC5BEC9161DC583820E300FD324D0D5C0E2B505B8D26D74F9E7BAB77FB6C71B468AFF0038DC3B8EC33C67A513A6B11AB1934DBD40BD4B40C00FC71583E2F86DD5ECED1658E312C1009A423885F011B38F4DBB8F7E6BD199AE62861B19F519EEE3B68D55DA50B991C0182481938EBC93C91DC5733C2C1BB9BAC44D1CC45A4DFCC775C30817D33B9BFC2B46D2C9A497FB3F4E004A46E9246E760FEF1F53E82AE849AFAE56DA03866E59FB22F73FE02BA4D0B4E82D12E5E140017F2C37760A3924F73B8B56B0A7187C26729CA5B99F069335869EB6EA63B889176B2797B4B7A9EA467AF15D3681A8FDB2D9A1772F2C207CC7ABA1CED27DF820FB8F7A6227CC722B3157FB23C4D6D20216DEE898CE7A066C703DCB6C3F831EF5A1075B4514500145145001451450055D4667B7D36E658CFEF163629FEF638FD7155E2816D6C2181061510003D29FAC73A763D66847E7228A7DD1014D0073DA78123DE5C6DC1927707FE02767F251547530D6779F6EC6616411CA7FE79E0921BE9C9CFE1EF5A3A4E5B49B791BEF4881CFD48E7F5A99C020820107A83401E29E2FD31E7D6E4B48461AEA6DC1BD77724FE1CFE55DD69768B23DB69C970C88B1955661B8B3019E7F006B3B5DB6B5B3F100101F9608F853FF002CCB761ED8E9E99ADEF0A69B3CB70BA94CA5210A7C907AB93C6EFA633F5CD006DE9BA5269D138DFE64921CB3918CFA0FA7F89ABFA528FECA89C1C894B4A3E8CC5BFAD3A7610C2F21E88A58FE1525AC62DF4EB6847448957F202801EA3E6ACDF13829A425CA2833C1323444F662C003FAD682365AAB6BC9E669007FD3788FE4EB401BE8C1D15D4E558641A5AA5A4316D16C49E4FD9E3CFD768ABB40051451400514514014B561FF0012D91CFDD899256F60AC18FE82AA6A372AB67348AC085427F4AD73CA918CF1D3D6BCEEDE6BC7D32689244914C4C0249C15E3A023B7B106B29D68C24A32EA690A529C5CA3D0E86CD7669F0AFA2E295CD2DB906CE223A1506AADFB32D94E53EF08DB1F5C56A667330E9F6A9A9A5FDFC725D7DA94DC6C2388B38206DFE2C67FFAD5D9417314E9BA2915C0E0ED39C1F4ACD9AC24BA68E4B6DBE6C69F758E032F1C7B1AAB06A3A5DC492C72AC5F6980EC90381BA33E99F5FA1A0763575772346BE23AFD9E4C7FDF26B4653B500F415C4EA490DD044B788B93221DE149006E19F98F1D3DEBB3B96C668111C4D96346AFFF0020890FF7590FFE3C2A281B2C7EB52EAFFF00202BA3E8B9FD6802F68873A35AFB26DFC8E3FA55FACDD00E74687FDF907FE3ED5A54005145140051451400573D7BE1D90DD3DC58491A891B2F14848009EA4100FE55D0D159D4A51A8AD234A75654DDE2729079BA7C7169F7C024C8BB5240729281DC1C0E7D4751F4C12B2904107A1AE9A7821B988C53C492467AAB8C8AC5B8F0F3A65AC6E481DA29F2C3E81BA8FA9DD5A1998686F24D0425B93F6C30A8F95F69DC08C8CFE06B808B539ECFC4CB7CF0F9D736F248B223B609620A91BB9EE7DFA57A22DB5EE9CF2C771692AA6F2EB2460C8841E4F23A724F5038C566DBE8FA68D50EA506D76766691090E8ECD9C939FAF638ACAA41CACD3B1E860B174E8C671A91BA68BF3C9E6E9F6B75B3619FCA7DA4E71974E3F5ADABB6EB591761A7836A040502F9683851B48207E9513EB818F952C530907DE510B311F8A823F2AD1B4B7670DAEFDD4695B365BF1AB1AB9C68375FEE7F5AC882F5C7296B76DFF6EB27FF0013534FFDABAAEDB28AD4A46C433BCA422AA83CE47DECFA0C51CC85666F787C634587DDE43F9BB1AD3A82CAD859D9416C1B77948177631B88EFF8D4F4C4145145001451450014514500145145001552E74CB2BB6DD3DB46CF8C6F030C3FE0439A28A00CF9BC389C9B6BB96238C0590798A3F3C31FFBEAB2AEBC397F6C4DD24F1DD37F124711438F519639A28ACAB538D4835234A551C269A1D6B7970088D6098BF4DBE59CD741A75B4B0ABCD3E04D2632A0E7681D07D7934515CB838DF57D0E9C5BE5D1752F514515DE71051451401FFFD9,'EeConfig.photoDoctor',NULL,NULL,'admin','2015-04-16 17:02:52',0,NULL),
 (26,'e-emergency-zk',NULL,'EeConfig.photoDoctorName',NULL,NULL,'admin','2015-04-16 17:02:52',0,'img-default-doctor.jpg');
INSERT INTO `util_configs` (`id`,`appl`,`file_`,`key_`,`logChangedBy`,`logChangedOn`,`logCreatedBy`,`logCreatedOn`,`logSaveTimes`,`value_`) VALUES 
 (27,'e-emergency-zk',0xFFD8FFE000104A46494600010200000100010000FFDB004300080606070605080707070909080A0C140D0C0B0B0C1912130F141D1A1F1E1D1A1C1C20242E2720222C231C1C2837292C30313434341F27393D38323C2E333432FFDB0043010909090C0B0C180D0D1832211C213232323232323232323232323232323232323232323232323232323232323232323232323232323232323232323232323232FFC00011080078007803012200021101031101FFC4001F0000010501010101010100000000000000000102030405060708090A0BFFC400B5100002010303020403050504040000017D01020300041105122131410613516107227114328191A1082342B1C11552D1F02433627282090A161718191A25262728292A3435363738393A434445464748494A535455565758595A636465666768696A737475767778797A838485868788898A92939495969798999AA2A3A4A5A6A7A8A9AAB2B3B4B5B6B7B8B9BAC2C3C4C5C6C7C8C9CAD2D3D4D5D6D7D8D9DAE1E2E3E4E5E6E7E8E9EAF1F2F3F4F5F6F7F8F9FAFFC4001F0100030101010101010101010000000000000102030405060708090A0BFFC400B51100020102040403040705040400010277000102031104052131061241510761711322328108144291A1B1C109233352F0156272D10A162434E125F11718191A262728292A35363738393A434445464748494A535455565758595A636465666768696A737475767778797A82838485868788898A92939495969798999AA2A3A4A5A6A7A8A9AAB2B3B4B5B6B7B8B9BAC2C3C4C5C6C7C8C9CAD2D3D4D5D6D7D8D9DAE2E3E4E5E6E7E8E9EAF2F3F4F5F6F7F8F9FAFFDA000C03010002110311003F00F7FA28A2800A28A2800A28A4660A32C401EA680168AA8D7F10700062BDCD59491255CA3022801D45145001451450014514500145145001451485828CB1007A9A005A4660A32C401EA6A849A92ACCD1A8181D18F7A82491E43B9D8B7A7A5630C4539C9C13D514E124AED16E5BE51C44327D4F4AA524AF21CBB134D34D35B1206857646DCAC411DC521A69A00BF0EA247130CFFB42AF472A4ABB91830F6AC1342C8D1B6E462A7D4500743456641AA630B3AE7FDA5FF0AD08E54953746C187B5003E8A28A0028A28A00E7FC57E278FC37690B2C6B35CCCF8488923E51F78E7F4FA9EF8359FA678B2C35B2A82631DC1FF9632F073EDD8FE1CFB56178FBC39A9B5D4DAD19D2E2D86D5D8A0AB42B9C00012723A6483D589C015C0D7975B175A955775A1F5782CA3078AC2AE59FBFD5AE9E4D791ECD3FFAE6AA97BA849A6D84B7288242807EECB6036481D7071543C352C93787ED64964791C86059CE4F0C40E7E95CAF8A6EE2B0D72769DA5844C170DB1C2CA028EE061B04FBE0D795A55AD293D35BFE26585C0B9D6FABBD797F1B3B1DB693E23B3D5DBC9DAF6F74177346E32081804861C6327EBEA056B30239EDD8D795685E22D2ECF5617335C811792F196C1F9492A41C7523E53D33D457A45ADE24D0ACD6D324B0B746460CA79C1FE58AED58DA946567AC7FAEA7366595FB0A968A6979968D21A823BB135D4B088F6F96064E739CFF002A98D7AD42BC6BD35521B7F96878B520E12E5908690D0690D6C40869524789B723153EA29A690D0069DBEADD1675FF0081AFF515A51CA9326E8D832FA8AE60D61EA7E32B0D11D847319AED723CA84E7079E18F41C8E4727DAA6538C15E4CD2951A9565CB4D5D9E8D4572DE0AF17AF8A2D27134690DE40FF346A73B90FDD6FE87DC678C8145109A9AE68856A33A3374E6ACD1D0DF4293D9491480156C641FAD705ABF82E0B8DD25B0D8FD7815E8173C5BB7E1FCEB21EE4432B0240181FD6ABD9AA9EEB5733F6F3A1FBC83B3479DC17BACF8640B79605B8B35CE171B4AF24F047B9EF9FC2A5F10EB365AEF846FE2B32CD73B55BECECBFBC00382481DF001248CE075AEDA5FB2DE9F2DD50935C7EB7E1DD34DF8B68E7586ED93CD443C64671C1E99CFE35E6E272C8A7CD0D0F5F039BC2756356AAD534EEBCB5D57EAADF33CDB41D06E3C417535B5B491A4B1C4651E66406C3018C8E9D6BD73C296373A6F86ACED2EE3F2E78C3EE4DC0E32EC47238E84572F6CD7DE1BD4DEEE7B25B966528F3721C8241396EE723AB027B64575FA66BB61AA802DE6C4B8C9864F95C7E1DFEA322BC9C453A90F7648F7733CC678D8DE1AD3D1FA3B75FF00828B3687FE26779F44FE557CD70BE24F13DCF877C416CB05BA4D1DCB159149C1C055C60F6EB5D369BAFE9FAAE1609B6CC7FE5949F2B77E9EBD33C66BD3CA6A4561D41BD6F2FF00D299F398BC2D677ACA378E9AF6D3A9A44D21A0D73FAC78BB4CD277C7E67DA2E5723CA88E7079FBC7A0E460F71E95E9CA718ABC99C54A8D4AB2E5A6AECDE3581AC78BB4CD277C7E67DA6E46479511CE0F3F79BA0E460F71E95C1EB1E2DD5356DF1F99F67B66C8F2A238C8E7EF1EA78383D8FA560D7154C67481EFE1723FB5887F25FE7FD7A9BDABF8B753D5B747E67D9ED8E479511C6473F78F53C1C1EC7D2B06AE5A6997378C02210BEA6BA8B1F0BC76ED9B852641D430E958C70F56ABE691D75731C260E3ECE92BBECBF57FF0ECBDF0E7C35AD8D4ED75C89A3B7B1F9958BB12664E410141F503EF639C1C1C628AF4AF0D46B1787ED5106146EC0FF811A2BD0A549538F2A3E6F178B9E2AA7B49A4BD0BD77C5ABFE1FCEB9AD4ACA6B96F361906E0B8D8DC67AF7F5AB9E379A6B7F07DFCD6EF2248810868C90C06F5CF23DB35C0E93E3D9A3013518FCF4FF9EB1801C75EA3A1EC3B7E343C64685549FF00C02E9E51571D867386B676B75E8EE8DCB29678358820B88DA3624F0DDF83D3D4550F13057F16401B91F62FFDA95D3596A365AA4424B59A39954E71DD4F23241E477AE57C4E246F13C66352C56C49E074F9CF26AF1B5E3569F3F4FF00827060B093C34DD277BDFAE8F6342485E15DB0B8921FF9E137200E3EEB751C0F7159B71E198B51B65BBB546824C9CAE7EEB038EA3DC75A8C6A9BDB1BD95BB2B77FE86BA3D324DDE1E66EE4487F5355568D2B45C358BBF9AF91586C4D7849DEF192F93F9FFC13CF355B0BF5BA49750696668C6D47739007F8FB9E6A957B2DDDA5A5DA90E8A09F41C5721AAF8411B73DA9DADE83A579F5B2DB6B4F4F23E8F2DE248A5ECEB47E6BF55FE5F71C6EA3AF6AB25B2D9BDF4C6020E46EE5B39C82DD48E7A138AC3ADCBFD12F56ED6268F1C75AD2D37C3712BA19CEE62475ED59D3C2D59D94CEBC4E6D83A09BA2AF7D7456FBCE72D74EB9BB6011085F535D7E93E0CC624BA3B7FDE1CFE55D1DB5BDAD92FEE90023F88F5A6CDA901908727D6BDAC3E5B186AF567C6661C455ABDE29D97F5FD6A5DB5B6B2D3947951A861FC6DC9FF3F4AA176FBAE9D877C1FD2AA3DE16392D934F770E5581CE557F90ADF1549538A383015DD59C9B3BCF0F7FC80ADBFE05FF00A11A293C39FF00201B6FF817FE8468AE23D4352B92D73E1EE8FAB169AD97FB3EE8F3BE05F909F74E9F960FAD75B4544E119AB495CD68D7A9425CF4E566786EA9E1CD7BC2F2FDA258DFCA4E9776AC4A8EDC9182BD71CE3F1A83FB66EF53BF496E25CC896E63DE9F2961BB3CE3EB5EF35CDDEF81F44B9792582D23B599C004C4B85EDFC2381D3B63DF35C53C0D949537A3E87AF3CE1578255E09C935AA3CB99D594AB0041EC4576DA1664F0D2A2F2C55C0C9EBC9AC5D63C1DA869B99235F362F5078EDDFF1EF8FC6ABE91E273A50163796C44687865E1D73CF20F5EBEDF8D7261233C355B55D17E06B5E9AC752FF0067D64B5F3B1D04F7F3C326C98346DE878E3DBD455FD36E3ED16CCC4E70E47E82990DDD8EAD6C7CA923B88BBAF71DBA7507AFA1A92D6D62B28D921DDB598B618E71EC3DB8AFA59E229D4A5A2D4F90860AAE1EBFBCF4F3D1A33B5B5513C47033B4D66870A43138039AD0D6CFEFA2FF0074D64C80BC6CA0E3702335CF1B292B9D934DC5A44573A96F3B54FCBFCE99189A5E71B57D4D55BABCD37468C3DDCEA1F1900F2C7E82B93D57C73733EE8EC17ECF1FF7DB05CFF41FAFD6BAB139AC29FBB4FF00E098659C2F89C5BE7A9B7DCBEFEBF23B2BDD474FD223DF7970AAD8C853CB1FA0FEB5C76ADE3BBA9F747A7A7D9A3E9E6360B9FE83F5FAD49E1DF879E24F164A974F1B5AD9C84335E5E672EA70728A7E67C839078538FBC2BD7BC31F0BFC3FE1CF2E7787FB42FD707ED172010ADC7289D17919079619EB5E4CAA57C43BBD11F550A196658B95FEF26BA745FD79DFD0B1F0CCCEDF0F34A7B8F33CD712B9326773032B9079EB9041CFBD15D6D15D115CB148F0EB54F6B52552D6BB6FEF0A28A2A8C828A28A002B93F1078034CD6A46B981DEC6ECE32F18DC8DD0729F41D88EB939AEB28A99C2335692B9AD1AF5284F9E9BB33C3B52D075EF0BCDE7CF13AC4BD2EED98B276EA7AAF240F980CF6CD68E99E337C04BF4DE3FE7AC6307F11D3F2AF60AE3F5AF875A46A5BA5B2CE9D727BC2B98CF4EA9D3A03F771C9C9CD71BC34E93BD17F23DC8E6987C52E4C743FEDE5BFF009FF5B1CA7883C45A5C31C370D791952A70ABCB1FF80F5FCEB80D57C6F733EE8EC17ECF1FF7DB05CFF41FAFD6BA7BCF853E25D4B588ADE4FB2C16A8BF3DE799B948C8CED5FBC4E09E08038EA38AF40F0C7C31F0FF0086CC7706137F7E983F69B900ED6183944E8BC8C83CB0CFDEA69D7ABA3F74AB65782F7D3F692E8BA2F5E9FD6C78FF00877E1E7897C592ADD3C4F6967210CD79799CB83839453F33E41C83C29C7DE15EC1E17F865E1FF0D18EE0C26FF504C1FB4DC8076B0C1CA2745E4641E5867EF5767456D4F0F086BBB383199BE2713EEDF963D90514515B9E58514514005145140051451400514514005145140051451400514514005145140051451401FFD9,'EeConfig.photoHospital',NULL,NULL,'admin','2015-04-16 17:02:52',0,NULL),
 (28,'e-emergency-zk',NULL,'EeConfig.photoHospitalName',NULL,NULL,'admin','2015-04-16 17:02:52',0,'img-default-hospital.jpg');
/*!40000 ALTER TABLE `util_configs` ENABLE KEYS */;


--
-- Table structure for table `e_emergency`.`util_loggers`
--

DROP TABLE IF EXISTS `util_loggers`;
CREATE TABLE `util_loggers` (
  `id` bigint(20) NOT NULL AUTO_INCREMENT,
  `action_` varchar(32) DEFAULT NULL,
  `appl` varchar(32) DEFAULT NULL,
  `ip` varchar(40) DEFAULT NULL,
  `logChangedBy` varchar(32) DEFAULT NULL,
  `logChangedOn` datetime DEFAULT NULL,
  `logCreatedBy` varchar(32) DEFAULT NULL,
  `logCreatedOn` datetime DEFAULT NULL,
  `logSaveTimes` int(11) DEFAULT NULL,
  `note` varchar(255) DEFAULT NULL,
  `screen` varchar(32) DEFAULT NULL,
  `userGroupName` varchar(32) DEFAULT NULL,
  `username` varchar(32) DEFAULT NULL,
  PRIMARY KEY (`id`)
) ENGINE=InnoDB AUTO_INCREMENT=47 DEFAULT CHARSET=latin1;

--
-- Dumping data for table `e_emergency`.`util_loggers`
--

/*!40000 ALTER TABLE `util_loggers` DISABLE KEYS */;
INSERT INTO `util_loggers` (`id`,`action_`,`appl`,`ip`,`logChangedBy`,`logChangedOn`,`logCreatedBy`,`logCreatedOn`,`logSaveTimes`,`note`,`screen`,`userGroupName`,`username`) VALUES 
 (1,'Save','e-emergency-zk','127.0.0.1',NULL,NULL,NULL,'2015-04-16 16:19:12',0,'CCDatabaseConfig : domain:localhost;database:e_emergency;','ZulDatabaseSetting',NULL,NULL),
 (2,'Login','e-emergency-zk','172.19.186.54',NULL,NULL,'admin','2015-04-16 16:19:23',0,'UtilUser : username:admin;active:true;','ZulLogin','admin','admin'),
 (3,'Login','e-emergency-zk','172.19.186.54',NULL,NULL,'admin','2015-04-16 16:22:49',0,'UtilUser : username:admin;active:true;','ZulLogin','admin','admin'),
 (4,'Login','e-emergency-zk','172.19.186.54',NULL,NULL,'admin','2015-04-16 16:25:15',0,'UtilUser : username:admin;active:true;','ZulLogin','admin','admin'),
 (5,'Login','e-emergency-zk','172.19.186.54',NULL,NULL,'admin','2015-04-16 17:02:09',0,'UtilUser : username:admin;active:true;','ZulLogin','admin','admin'),
 (6,'Save','e-emergency-zk','172.19.186.54',NULL,NULL,'admin','2015-04-16 17:02:22',0,'UtilUserGroup : code:hospital;name:hospital;','ZulUserGroup','admin','admin'),
 (7,'Save','e-emergency-zk','172.19.186.54',NULL,NULL,'admin','2015-04-16 17:02:29',0,'UtilUserGroup : code:doctor;name:doctor;','ZulUserGroup','admin','admin');
INSERT INTO `util_loggers` (`id`,`action_`,`appl`,`ip`,`logChangedBy`,`logChangedOn`,`logCreatedBy`,`logCreatedOn`,`logSaveTimes`,`note`,`screen`,`userGroupName`,`username`) VALUES 
 (8,'Save','e-emergency-zk','172.19.186.54',NULL,NULL,'admin','2015-04-16 17:02:52',0,'EeConfig : groupDoctor:doctor;groupHospital:hospital;photoDoctor:img-default-doctor.jpg;photoHospital:img-default-hospital.jpg;','EeConfig','admin','admin'),
 (9,'Login','e-emergency-zk','172.19.186.54',NULL,NULL,'admin','2015-04-16 17:13:39',0,'UtilUser : username:admin;active:true;','ZulLogin','admin','admin'),
 (10,'Login','e-emergency-zk','172.19.186.54',NULL,NULL,'admin','2015-04-16 17:29:34',0,'UtilUser : username:admin;active:true;','ZulLogin','admin','admin'),
 (11,'Login','e-emergency-zk','fe80:0:0:0:749c:dd0c:13ce:8028',NULL,NULL,'admin','2015-04-16 21:46:56',0,'UtilUser : username:admin;active:true;','ZulLogin','admin','admin'),
 (12,'Save','e-emergency-zk','fe80:0:0:0:749c:dd0c:13ce:8028',NULL,NULL,'admin','2015-04-16 21:48:05',0,'EeHospital : name:Rumah Sakit PGI Cikini;hospitalType:Umum;ownerType:Private;address:Jl. Raden Saleh 40;regency:Jakarta Pusat;province:DKI Jakarta;','ZulHospital','admin','admin'),
 (13,'Save','e-emergency-zk','fe80:0:0:0:749c:dd0c:13ce:8028',NULL,NULL,'admin','2015-04-16 21:48:22',0,'EeHospital : name:Rumah Sakit Cipto Mangunkusumo (RSCM Jakarta);hospitalType:Umum;ownerType:Government;address:Jalan Diponegoro Nomor 71, Salemba, Jakarta Pusat;regency:Jakarta Pusat;province:DKI Jakarta;','ZulHospital','admin','admin');
INSERT INTO `util_loggers` (`id`,`action_`,`appl`,`ip`,`logChangedBy`,`logChangedOn`,`logCreatedBy`,`logCreatedOn`,`logSaveTimes`,`note`,`screen`,`userGroupName`,`username`) VALUES 
 (14,'Save','e-emergency-zk','fe80:0:0:0:749c:dd0c:13ce:8028',NULL,NULL,'admin','2015-04-16 21:48:34',0,'EeHospital : name:Rumah Sakit Dharmais;hospitalType:Kanker;ownerType:Government;address:Jalan Letjen. S. Parman Kav. 84-86, Slipi, Jakarta Barat\n(depan halte Busway RS Jantung Harapan Kita);regency:Jakarta Barat;province:DKI Jakarta;','ZulHospital','admin','admin'),
 (15,'Save','e-emergency-zk','fe80:0:0:0:749c:dd0c:13ce:8028',NULL,NULL,'admin','2015-04-16 21:48:47',0,'EeHospital : name:Rumah Sakit Fatmawati;hospitalType:Umum;ownerType:Government;address:Jl. RS.Fatmawati, Cilandak, Jakarta Selatan,DKI Jakarta Indonesia;regency:Jakarta Selatan;province:DKI Jakarta;','ZulHospital','admin','admin'),
 (16,'Login','e-emergency-zk','fe80:0:0:0:749c:dd0c:13ce:8028',NULL,NULL,'admin','2015-04-16 21:54:29',0,'UtilUser : username:admin;active:true;','ZulLogin','admin','admin'),
 (17,'Login','e-emergency-zk','fe80:0:0:0:749c:dd0c:13ce:8028',NULL,NULL,'admin','2015-04-16 21:55:28',0,'UtilUser : username:admin;active:true;','ZulLogin','admin','admin');
INSERT INTO `util_loggers` (`id`,`action_`,`appl`,`ip`,`logChangedBy`,`logChangedOn`,`logCreatedBy`,`logCreatedOn`,`logSaveTimes`,`note`,`screen`,`userGroupName`,`username`) VALUES 
 (18,'Login','e-emergency-zk','fe80:0:0:0:749c:dd0c:13ce:8028',NULL,NULL,'admin','2015-04-16 22:08:05',0,'UtilUser : username:admin;active:true;','ZulLogin','admin','admin'),
 (19,'Save','e-emergency-zk','fe80:0:0:0:749c:dd0c:13ce:8028',NULL,NULL,'admin','2015-04-16 22:09:22',0,'EeHospitalRoomClass : roomClass:VVIP;price:2,500,000.00;availableRoom:10;totalRoom:10;','ZulHospitalRoomClass','admin','admin'),
 (20,'Save','e-emergency-zk','fe80:0:0:0:749c:dd0c:13ce:8028',NULL,NULL,'admin','2015-04-16 22:09:46',0,'EeHospitalRoomClass : roomClass:VIP;price:1,500,000.00;availableRoom:20;totalRoom:20;','ZulHospitalRoomClass','admin','admin'),
 (21,'Save','e-emergency-zk','fe80:0:0:0:749c:dd0c:13ce:8028',NULL,NULL,'admin','2015-04-16 22:10:13',0,'EeHospitalRoomClass : roomClass:I;price:750,000.00;availableRoom:20;totalRoom:20;','ZulHospitalRoomClass','admin','admin'),
 (22,'Save','e-emergency-zk','fe80:0:0:0:749c:dd0c:13ce:8028',NULL,NULL,'admin','2015-04-16 22:10:38',0,'EeHospitalRoomClass : roomClass:II;price:500,000.00;availableRoom:10;totalRoom:10;','ZulHospitalRoomClass','admin','admin');
INSERT INTO `util_loggers` (`id`,`action_`,`appl`,`ip`,`logChangedBy`,`logChangedOn`,`logCreatedBy`,`logCreatedOn`,`logSaveTimes`,`note`,`screen`,`userGroupName`,`username`) VALUES 
 (23,'Save','e-emergency-zk','fe80:0:0:0:749c:dd0c:13ce:8028',NULL,NULL,'admin','2015-04-16 22:10:51',0,'EeHospitalRoomClass : roomClass:III;price:300,000.00;availableRoom:10;totalRoom:10;','ZulHospitalRoomClass','admin','admin'),
 (24,'Login','e-emergency-zk','fe80:0:0:0:749c:dd0c:13ce:8028',NULL,NULL,'admin','2015-04-16 22:30:56',0,'UtilUser : username:admin;active:true;','ZulLogin','admin','admin'),
 (25,'Save','e-emergency-zk','fe80:0:0:0:749c:dd0c:13ce:8028',NULL,NULL,'admin','2015-04-16 22:31:11',0,'EeHospitalRoomClass : roomClass:II;price:500,000.00;availableRoom:0;totalRoom:10;','ZulHospitalRoomClass','admin','admin'),
 (26,'Login','e-emergency-zk','fe80:0:0:0:749c:dd0c:13ce:8028',NULL,NULL,'admin','2015-04-16 23:02:56',0,'UtilUser : username:admin;active:true;','ZulLogin','admin','admin'),
 (27,'Save','e-emergency-zk','fe80:0:0:0:749c:dd0c:13ce:8028',NULL,NULL,'admin','2015-04-16 23:03:19',0,'EeSchedule : hospital:Rumah Sakit Dharmais;doctor:Karuniawan Purwanto, Dr., SpBO (K);day:Monday;timeBegin:06:00;timeEnd:18:00;','ZulSchedule','admin','admin'),
 (28,'Save','e-emergency-zk','fe80:0:0:0:749c:dd0c:13ce:8028',NULL,NULL,'admin','2015-04-16 23:03:40',0,'EeSchedule : hospital:Rumah Sakit Dharmais;doctor:Dohar Tobing, Dr., SpBO;day:Monday;timeBegin:06:00;timeEnd:18:00;','ZulSchedule','admin','admin');
INSERT INTO `util_loggers` (`id`,`action_`,`appl`,`ip`,`logChangedBy`,`logChangedOn`,`logCreatedBy`,`logCreatedOn`,`logSaveTimes`,`note`,`screen`,`userGroupName`,`username`) VALUES 
 (29,'Save','e-emergency-zk','fe80:0:0:0:749c:dd0c:13ce:8028',NULL,NULL,'admin','2015-04-16 23:03:55',0,'EeSchedule : hospital:Rumah Sakit Dharmais;doctor:Rahim Purba, Dr. SpBS;day:Tuesday;timeBegin:06:00;timeEnd:18:00;','ZulSchedule','admin','admin'),
 (30,'Login','e-emergency-zk','fe80:0:0:0:749c:dd0c:13ce:8028',NULL,NULL,'admin','2015-04-16 23:12:28',0,'UtilUser : username:admin;active:true;','ZulLogin','admin','admin'),
 (31,'Save','e-emergency-zk','fe80:0:0:0:749c:dd0c:13ce:8028',NULL,NULL,'admin','2015-04-16 23:12:47',0,'EeHospitalPartnership : hospital:Rumah Sakit Dharmais;name:Partnership 1;','ZulHospitalPartnership','admin','admin'),
 (32,'Save','e-emergency-zk','fe80:0:0:0:749c:dd0c:13ce:8028',NULL,NULL,'admin','2015-04-16 23:12:50',0,'EeHospitalPartnership : hospital:Rumah Sakit Dharmais;name:Partnership 2;','ZulHospitalPartnership','admin','admin'),
 (33,'Save','e-emergency-zk','fe80:0:0:0:749c:dd0c:13ce:8028',NULL,NULL,'admin','2015-04-16 23:12:53',0,'EeHospitalPartnership : hospital:Rumah Sakit Dharmais;name:Partnership 3;','ZulHospitalPartnership','admin','admin');
INSERT INTO `util_loggers` (`id`,`action_`,`appl`,`ip`,`logChangedBy`,`logChangedOn`,`logCreatedBy`,`logCreatedOn`,`logSaveTimes`,`note`,`screen`,`userGroupName`,`username`) VALUES 
 (34,'Login','e-emergency-zk','fe80:0:0:0:749c:dd0c:13ce:8028',NULL,NULL,'admin','2015-04-16 23:21:31',0,'UtilUser : username:admin;active:true;','ZulLogin','admin','admin'),
 (35,'Login','e-emergency-zk','fe80:0:0:0:749c:dd0c:13ce:8028',NULL,NULL,'admin','2015-04-17 00:10:32',0,'UtilUser : username:admin;active:true;','ZulLogin','admin','admin'),
 (36,'Login','e-emergency-zk','fe80:0:0:0:749c:dd0c:13ce:8028',NULL,NULL,'admin','2015-04-17 00:11:34',0,'UtilUser : username:admin;active:true;','ZulLogin','admin','admin'),
 (37,'Save','e-emergency-zk','fe80:0:0:0:749c:dd0c:13ce:8028',NULL,NULL,'admin','2015-04-17 00:11:39',0,'EeHospital : name:Rumah Sakit PGI Cikini;hospitalType:Umum;ownerType:Private;address:Jl. Raden Saleh 40;regency:Jakarta Pusat;province:DKI Jakarta;','ZulHospital','admin','admin'),
 (38,'Save','e-emergency-zk','fe80:0:0:0:749c:dd0c:13ce:8028',NULL,NULL,'admin','2015-04-17 00:11:48',0,'EeHospital : name:Rumah Sakit PGI Cikini;hospitalType:Umum;ownerType:Private;address:Jl. Raden Saleh 40;regency:Jakarta Pusat;province:DKI Jakarta;','ZulHospital','admin','admin'),
 (39,'Login','e-emergency-zk','fe80:0:0:0:749c:dd0c:13ce:8028',NULL,NULL,'H001','2015-04-17 00:11:58',0,'UtilUser : username:H001;active:true;','ZulLogin','hospital','H001');
INSERT INTO `util_loggers` (`id`,`action_`,`appl`,`ip`,`logChangedBy`,`logChangedOn`,`logCreatedBy`,`logCreatedOn`,`logSaveTimes`,`note`,`screen`,`userGroupName`,`username`) VALUES 
 (40,'Login','e-emergency-zk','fe80:0:0:0:749c:dd0c:13ce:8028',NULL,NULL,'H001','2015-04-17 00:13:21',0,'UtilUser : username:H001;active:true;','ZulLogin','hospital','H001'),
 (41,'Login','e-emergency-zk','fe80:0:0:0:749c:dd0c:13ce:8028',NULL,NULL,'H001','2015-04-17 00:15:14',0,'UtilUser : username:H001;active:true;','ZulLogin','hospital','H001'),
 (42,'Login','e-emergency-zk','fe80:0:0:0:749c:dd0c:13ce:8028',NULL,NULL,'admin','2015-04-17 00:15:39',0,'UtilUser : username:admin;active:true;','ZulLogin','admin','admin'),
 (43,'Login','e-emergency-zk','fe80:0:0:0:749c:dd0c:13ce:8028',NULL,NULL,'admin','2015-04-17 00:16:35',0,'UtilUser : username:admin;active:true;','ZulLogin','admin','admin'),
 (44,'Save','e-emergency-zk','fe80:0:0:0:749c:dd0c:13ce:8028',NULL,NULL,'admin','2015-04-17 00:16:40',0,'EeDoctor : name:Karuniawan Purwanto, Dr., SpBO (K);strNumber:D001;specialist:Ahli Bedah Orthopedi;regency:Jakarta Pusat;province:DKI Jakarta;active:true;','ZulDoctor','admin','admin'),
 (45,'Save','e-emergency-zk','fe80:0:0:0:749c:dd0c:13ce:8028',NULL,NULL,'admin','2015-04-17 00:16:53',0,'EeDoctor : name:Karuniawan Purwanto, Dr., SpBO (K);strNumber:D001;specialist:Ahli Bedah Orthopedi;regency:Jakarta Pusat;province:DKI Jakarta;active:true;','ZulDoctor','admin','admin');
INSERT INTO `util_loggers` (`id`,`action_`,`appl`,`ip`,`logChangedBy`,`logChangedOn`,`logCreatedBy`,`logCreatedOn`,`logSaveTimes`,`note`,`screen`,`userGroupName`,`username`) VALUES 
 (46,'Login','e-emergency-zk','fe80:0:0:0:749c:dd0c:13ce:8028',NULL,NULL,'D001','2015-04-17 00:17:02',0,'UtilUser : username:D001;active:true;','ZulLogin','doctor','D001');
/*!40000 ALTER TABLE `util_loggers` ENABLE KEYS */;


--
-- Table structure for table `e_emergency`.`util_persons`
--

DROP TABLE IF EXISTS `util_persons`;
CREATE TABLE `util_persons` (
  `id` bigint(20) NOT NULL AUTO_INCREMENT,
  `address` varchar(255) DEFAULT NULL,
  `birthDate` date DEFAULT NULL,
  `birthPlace` varchar(48) DEFAULT NULL,
  `bloodType` varchar(4) DEFAULT NULL,
  `bloodTypeIndex` int(11) DEFAULT NULL,
  `code` varchar(12) DEFAULT NULL,
  `email` varchar(32) DEFAULT NULL,
  `fax` varchar(16) DEFAULT NULL,
  `fullName` varchar(32) DEFAULT NULL,
  `gender` varchar(8) DEFAULT NULL,
  `genderIndex` int(11) DEFAULT NULL,
  `handPhone` varchar(16) DEFAULT NULL,
  `ktp` varchar(16) DEFAULT NULL,
  `logChangedBy` varchar(32) DEFAULT NULL,
  `logChangedOn` datetime DEFAULT NULL,
  `logCreatedBy` varchar(32) DEFAULT NULL,
  `logCreatedOn` datetime DEFAULT NULL,
  `logSaveTimes` int(11) DEFAULT NULL,
  `nationality` varchar(4) DEFAULT NULL,
  `nationalityIndex` int(11) DEFAULT NULL,
  `neighborhood` varchar(16) DEFAULT NULL,
  `nickName` varchar(16) DEFAULT NULL,
  `npwp` varchar(20) DEFAULT NULL,
  `passport` varchar(12) DEFAULT NULL,
  `phone` varchar(16) DEFAULT NULL,
  `photo` longblob,
  `photoName` varchar(255) DEFAULT NULL,
  `province` varchar(48) DEFAULT NULL,
  `regency` varchar(48) DEFAULT NULL,
  `religion` varchar(16) DEFAULT NULL,
  `religionIndex` int(11) DEFAULT NULL,
  `subDistrict` varchar(48) DEFAULT NULL,
  `village` varchar(48) DEFAULT NULL,
  `website` varchar(48) DEFAULT NULL,
  `work_` varchar(16) DEFAULT NULL,
  `zipCode` varchar(5) DEFAULT NULL,
  PRIMARY KEY (`id`)
) ENGINE=InnoDB DEFAULT CHARSET=latin1;

--
-- Dumping data for table `e_emergency`.`util_persons`
--

/*!40000 ALTER TABLE `util_persons` DISABLE KEYS */;
/*!40000 ALTER TABLE `util_persons` ENABLE KEYS */;


--
-- Table structure for table `e_emergency`.`util_privileges`
--

DROP TABLE IF EXISTS `util_privileges`;
CREATE TABLE `util_privileges` (
  `id` bigint(20) NOT NULL AUTO_INCREMENT,
  `appl` varchar(32) DEFAULT NULL,
  `code` varchar(255) DEFAULT NULL,
  `comp` varchar(255) DEFAULT NULL,
  `logChangedBy` varchar(32) DEFAULT NULL,
  `logChangedOn` datetime DEFAULT NULL,
  `logCreatedBy` varchar(32) DEFAULT NULL,
  `logCreatedOn` datetime DEFAULT NULL,
  `logSaveTimes` int(11) DEFAULT NULL,
  `name` varchar(255) DEFAULT NULL,
  `parent_id` bigint(20) DEFAULT NULL,
  PRIMARY KEY (`id`),
  KEY `FK5AB8903F7EDDE5E4` (`parent_id`),
  CONSTRAINT `FK5AB8903F7EDDE5E4` FOREIGN KEY (`parent_id`) REFERENCES `util_privileges` (`id`)
) ENGINE=InnoDB AUTO_INCREMENT=35 DEFAULT CHARSET=latin1;

--
-- Dumping data for table `e_emergency`.`util_privileges`
--

/*!40000 ALTER TABLE `util_privileges` DISABLE KEYS */;
INSERT INTO `util_privileges` (`id`,`appl`,`code`,`comp`,`logChangedBy`,`logChangedOn`,`logCreatedBy`,`logCreatedOn`,`logSaveTimes`,`name`,`parent_id`) VALUES 
 (1,'e-emergency-zk','Ee.01.00','controller.zul.emergency.ZulHospitalListCtrl',NULL,NULL,NULL,'2015-04-16 16:19:11',0,'Hospital',NULL),
 (2,'e-emergency-zk','Ee.01.01','controller.zul.emergency.ZulHospitalListCtrl.btnAdd',NULL,NULL,NULL,'2015-04-16 16:19:11',0,'Add',1),
 (3,'e-emergency-zk','Ee.01.02','controller.zul.emergency.ZulHospitalListCtrl.btnDelete',NULL,NULL,NULL,'2015-04-16 16:19:11',0,'Delete',1),
 (4,'e-emergency-zk','Ee.01.03','controller.zul.emergency.ZulHospitalListCtrl.btnEdit',NULL,NULL,NULL,'2015-04-16 16:19:11',0,'Edit',1),
 (5,'e-emergency-zk','Ee.02.00','controller.zul.emergency.ZulDoctorListCtrl',NULL,NULL,NULL,'2015-04-16 16:19:11',0,'Doctor',NULL),
 (6,'e-emergency-zk','Ee.02.04','controller.zul.emergency.ZulDoctorListCtrl.btnAdd',NULL,NULL,NULL,'2015-04-16 16:19:11',0,'Add',5),
 (7,'e-emergency-zk','Ee.02.05','controller.zul.emergency.ZulDoctorListCtrl.btnDelete',NULL,NULL,NULL,'2015-04-16 16:19:11',0,'Delete',5),
 (8,'e-emergency-zk','Ee.02.06','controller.zul.emergency.ZulDoctorListCtrl.btnEdit',NULL,NULL,NULL,'2015-04-16 16:19:11',0,'Edit',5);
INSERT INTO `util_privileges` (`id`,`appl`,`code`,`comp`,`logChangedBy`,`logChangedOn`,`logCreatedBy`,`logCreatedOn`,`logSaveTimes`,`name`,`parent_id`) VALUES 
 (9,'e-emergency-zk','Utility.03.00','cococare.framework.zk.controller.zul.util.ZulUserGroupListCtrl',NULL,NULL,NULL,'2015-04-16 16:19:11',0,'User Group',NULL),
 (10,'e-emergency-zk','Utility.03.07','cococare.framework.zk.controller.zul.util.ZulUserGroupListCtrl.btnAdd',NULL,NULL,NULL,'2015-04-16 16:19:11',0,'Add',9),
 (11,'e-emergency-zk','Utility.03.08','cococare.framework.zk.controller.zul.util.ZulUserGroupListCtrl.btnDelete',NULL,NULL,NULL,'2015-04-16 16:19:11',0,'Delete',9),
 (12,'e-emergency-zk','Utility.03.09','cococare.framework.zk.controller.zul.util.ZulUserGroupListCtrl.btnEdit',NULL,NULL,NULL,'2015-04-16 16:19:11',0,'Edit',9),
 (13,'e-emergency-zk','Utility.04.00','cococare.framework.zk.controller.zul.util.ZulUserListCtrl',NULL,NULL,NULL,'2015-04-16 16:19:11',0,'User',NULL),
 (14,'e-emergency-zk','Utility.04.10','cococare.framework.zk.controller.zul.util.ZulUserListCtrl.btnAdd',NULL,NULL,NULL,'2015-04-16 16:19:11',0,'Add',13),
 (15,'e-emergency-zk','Utility.04.11','cococare.framework.zk.controller.zul.util.ZulUserListCtrl.btnDelete',NULL,NULL,NULL,'2015-04-16 16:19:11',0,'Delete',13);
INSERT INTO `util_privileges` (`id`,`appl`,`code`,`comp`,`logChangedBy`,`logChangedOn`,`logCreatedBy`,`logCreatedOn`,`logSaveTimes`,`name`,`parent_id`) VALUES 
 (16,'e-emergency-zk','Utility.04.12','cococare.framework.zk.controller.zul.util.ZulUserListCtrl.btnChangePassword',NULL,NULL,NULL,'2015-04-16 16:19:11',0,'Change Password',13),
 (17,'e-emergency-zk','Utility.04.13','cococare.framework.zk.controller.zul.util.ZulUserListCtrl.btnEdit',NULL,NULL,NULL,'2015-04-16 16:19:11',0,'Edit',13),
 (18,'e-emergency-zk','Utility.05.00','cococare.framework.zk.controller.zul.util.ZulChangePasswordCtrl',NULL,NULL,NULL,'2015-04-16 16:19:11',0,'Change Password',NULL),
 (19,'e-emergency-zk','Utility.05.14','cococare.framework.zk.controller.zul.util.ZulChangePasswordCtrl.btnSave',NULL,NULL,NULL,'2015-04-16 16:19:11',0,'Save',18),
 (20,'e-emergency-zk','Utility.05.15','cococare.framework.zk.controller.zul.util.ZulChangePasswordCtrl.btnClose',NULL,NULL,NULL,'2015-04-16 16:19:11',0,'Close',18),
 (21,'e-emergency-zk','Utility.06.00','cococare.framework.zk.controller.zul.util.ZulParameterListCtrl',NULL,NULL,NULL,'2015-04-16 16:19:11',0,'Parameter',NULL),
 (22,'e-emergency-zk','Utility.06.16','cococare.framework.zk.controller.zul.util.ZulParameterListCtrl.btnAdd',NULL,NULL,NULL,'2015-04-16 16:19:11',0,'Add',21);
INSERT INTO `util_privileges` (`id`,`appl`,`code`,`comp`,`logChangedBy`,`logChangedOn`,`logCreatedBy`,`logCreatedOn`,`logSaveTimes`,`name`,`parent_id`) VALUES 
 (23,'e-emergency-zk','Utility.06.17','cococare.framework.zk.controller.zul.util.ZulParameterListCtrl.btnDelete',NULL,NULL,NULL,'2015-04-16 16:19:11',0,'Delete',21),
 (24,'e-emergency-zk','Utility.06.18','cococare.framework.zk.controller.zul.util.ZulParameterListCtrl.btnEdit',NULL,NULL,NULL,'2015-04-16 16:19:11',0,'Edit',21),
 (25,'e-emergency-zk','Utility.07.00','cococare.framework.zk.controller.zul.util.ZulExportImportCtrl',NULL,NULL,NULL,'2015-04-16 16:19:11',0,'Export Import',NULL),
 (26,'e-emergency-zk','Utility.07.19','cococare.framework.zk.controller.zul.util.ZulExportImportCtrl.btnTemplate',NULL,NULL,NULL,'2015-04-16 16:19:11',0,'Template',25),
 (27,'e-emergency-zk','Utility.07.20','cococare.framework.zk.controller.zul.util.ZulExportImportCtrl.btnExport',NULL,NULL,NULL,'2015-04-16 16:19:11',0,'Export',25),
 (28,'e-emergency-zk','Utility.07.21','cococare.framework.zk.controller.zul.util.ZulExportImportCtrl.btnClose',NULL,NULL,NULL,'2015-04-16 16:19:11',0,'Close',25),
 (29,'e-emergency-zk','Utility.07.22','cococare.framework.zk.controller.zul.util.ZulExportImportCtrl.btnImport',NULL,NULL,NULL,'2015-04-16 16:19:11',0,'Import',25);
INSERT INTO `util_privileges` (`id`,`appl`,`code`,`comp`,`logChangedBy`,`logChangedOn`,`logCreatedBy`,`logCreatedOn`,`logSaveTimes`,`name`,`parent_id`) VALUES 
 (30,'e-emergency-zk','Utility.08.00','cococare.framework.zk.controller.zul.util.ZulLoggerListCtrl',NULL,NULL,NULL,'2015-04-16 16:19:11',0,'Logger History',NULL),
 (31,'e-emergency-zk','Utility.09.00','cococare.framework.zk.controller.zul.util.ZulApplicationSettingListCtrl',NULL,NULL,NULL,'2015-04-16 16:19:11',0,'Application Setting',NULL),
 (32,'e-emergency-zk','Utility.10.00','cococare.framework.zk.controller.zul.util.ZulDatabaseSettingCtrl',NULL,NULL,NULL,'2015-04-16 16:19:11',0,'Database Setting',NULL),
 (33,'e-emergency-zk','Utility.10.23','cococare.framework.zk.controller.zul.util.ZulDatabaseSettingCtrl.btnSave',NULL,NULL,NULL,'2015-04-16 16:19:11',0,'Save',32),
 (34,'e-emergency-zk','Utility.10.24','cococare.framework.zk.controller.zul.util.ZulDatabaseSettingCtrl.btnClose',NULL,NULL,NULL,'2015-04-16 16:19:11',0,'Close',32);
/*!40000 ALTER TABLE `util_privileges` ENABLE KEYS */;


--
-- Table structure for table `e_emergency`.`util_provinces`
--

DROP TABLE IF EXISTS `util_provinces`;
CREATE TABLE `util_provinces` (
  `id` bigint(20) NOT NULL AUTO_INCREMENT,
  `code` varchar(8) DEFAULT NULL,
  `logChangedBy` varchar(32) DEFAULT NULL,
  `logChangedOn` datetime DEFAULT NULL,
  `logCreatedBy` varchar(32) DEFAULT NULL,
  `logCreatedOn` datetime DEFAULT NULL,
  `logSaveTimes` int(11) DEFAULT NULL,
  `name` varchar(48) DEFAULT NULL,
  PRIMARY KEY (`id`)
) ENGINE=InnoDB AUTO_INCREMENT=35 DEFAULT CHARSET=latin1;

--
-- Dumping data for table `e_emergency`.`util_provinces`
--

/*!40000 ALTER TABLE `util_provinces` DISABLE KEYS */;
INSERT INTO `util_provinces` (`id`,`code`,`logChangedBy`,`logChangedOn`,`logCreatedBy`,`logCreatedOn`,`logSaveTimes`,`name`) VALUES 
 (1,'P001',NULL,'2015-04-16 16:19:07','',NULL,1,'Aceh'),
 (2,'P002',NULL,'2015-04-16 16:19:07','',NULL,1,'Sumatera Utara'),
 (3,'P003',NULL,'2015-04-16 16:19:07','',NULL,1,'Sumatera Barat'),
 (4,'P004',NULL,'2015-04-16 16:19:07','',NULL,1,'Riau'),
 (5,'P005',NULL,'2015-04-16 16:19:07','',NULL,1,'Kepulauan Riau'),
 (6,'P006',NULL,'2015-04-16 16:19:07','',NULL,1,'Jambi'),
 (7,'P007',NULL,'2015-04-16 16:19:07','',NULL,1,'Bengkulu'),
 (8,'P008',NULL,'2015-04-16 16:19:07','',NULL,1,'Sumatera Selatan'),
 (9,'P009',NULL,'2015-04-16 16:19:07','',NULL,1,'Kepulauan Bangka Belitung'),
 (10,'P010',NULL,'2015-04-16 16:19:07','',NULL,1,'Lampung'),
 (11,'P011',NULL,'2015-04-16 16:19:07','',NULL,1,'Banten'),
 (12,'P012',NULL,'2015-04-16 16:19:07','',NULL,1,'Jawa Barat'),
 (13,'P013',NULL,'2015-04-16 16:19:07','',NULL,1,'DKI Jakarta'),
 (14,'P014',NULL,'2015-04-16 16:19:07','',NULL,1,'Jawa Tengah'),
 (15,'P015',NULL,'2015-04-16 16:19:07','',NULL,1,'Jawa Timur');
INSERT INTO `util_provinces` (`id`,`code`,`logChangedBy`,`logChangedOn`,`logCreatedBy`,`logCreatedOn`,`logSaveTimes`,`name`) VALUES 
 (16,'P016',NULL,'2015-04-16 16:19:07','',NULL,1,'DI Yogyakarta'),
 (17,'P017',NULL,'2015-04-16 16:19:07','',NULL,1,'Bali'),
 (18,'P018',NULL,'2015-04-16 16:19:07','',NULL,1,'Nusa Tenggara Barat'),
 (19,'P019',NULL,'2015-04-16 16:19:07','',NULL,1,'Nusa Tenggara Timur'),
 (20,'P020',NULL,'2015-04-16 16:19:07','',NULL,1,'Kalimantan Barat'),
 (21,'P021',NULL,'2015-04-16 16:19:07','',NULL,1,'Kalimantan Selatan'),
 (22,'P022',NULL,'2015-04-16 16:19:07','',NULL,1,'Kalimantan Tengah'),
 (23,'P023',NULL,'2015-04-16 16:19:07','',NULL,1,'Kalimantan Timur'),
 (24,'P024',NULL,'2015-04-16 16:19:07','',NULL,1,'Kalimantan Utara'),
 (25,'P025',NULL,'2015-04-16 16:19:07','',NULL,1,'Gorontalo'),
 (26,'P026',NULL,'2015-04-16 16:19:07','',NULL,1,'Sulawesi Selatan'),
 (27,'P027',NULL,'2015-04-16 16:19:07','',NULL,1,'Sulawesi Tenggara'),
 (28,'P028',NULL,'2015-04-16 16:19:07','',NULL,1,'Sulawesi Tengah'),
 (29,'P029',NULL,'2015-04-16 16:19:07','',NULL,1,'Sulawesi Utara');
INSERT INTO `util_provinces` (`id`,`code`,`logChangedBy`,`logChangedOn`,`logCreatedBy`,`logCreatedOn`,`logSaveTimes`,`name`) VALUES 
 (30,'P030',NULL,'2015-04-16 16:19:07','',NULL,1,'Sulawesi Barat'),
 (31,'P031',NULL,'2015-04-16 16:19:07','',NULL,1,'Maluku'),
 (32,'P032',NULL,'2015-04-16 16:19:07','',NULL,1,'Maluku Utara'),
 (33,'P033',NULL,'2015-04-16 16:19:07','',NULL,1,'Papua'),
 (34,'P034',NULL,'2015-04-16 16:19:07','',NULL,1,'Papua Barat');
/*!40000 ALTER TABLE `util_provinces` ENABLE KEYS */;


--
-- Table structure for table `e_emergency`.`util_regencies`
--

DROP TABLE IF EXISTS `util_regencies`;
CREATE TABLE `util_regencies` (
  `id` bigint(20) NOT NULL AUTO_INCREMENT,
  `code` varchar(8) DEFAULT NULL,
  `logChangedBy` varchar(32) DEFAULT NULL,
  `logChangedOn` datetime DEFAULT NULL,
  `logCreatedBy` varchar(32) DEFAULT NULL,
  `logCreatedOn` datetime DEFAULT NULL,
  `logSaveTimes` int(11) DEFAULT NULL,
  `name` varchar(48) DEFAULT NULL,
  `province_id` bigint(20) DEFAULT NULL,
  PRIMARY KEY (`id`),
  KEY `FKEADD715443C44CF7` (`province_id`),
  CONSTRAINT `FKEADD715443C44CF7` FOREIGN KEY (`province_id`) REFERENCES `util_provinces` (`id`)
) ENGINE=InnoDB AUTO_INCREMENT=515 DEFAULT CHARSET=latin1;

--
-- Dumping data for table `e_emergency`.`util_regencies`
--

/*!40000 ALTER TABLE `util_regencies` DISABLE KEYS */;
INSERT INTO `util_regencies` (`id`,`code`,`logChangedBy`,`logChangedOn`,`logCreatedBy`,`logCreatedOn`,`logSaveTimes`,`name`,`province_id`) VALUES 
 (1,'R001',NULL,'2015-04-16 16:19:10','',NULL,1,'Aceh Barat',1),
 (2,'R002',NULL,'2015-04-16 16:19:10','',NULL,1,'Aceh Barat Daya',1),
 (3,'R003',NULL,'2015-04-16 16:19:10','',NULL,1,'Aceh Besar',1),
 (4,'R004',NULL,'2015-04-16 16:19:10','',NULL,1,'Aceh Jaya',1),
 (5,'R005',NULL,'2015-04-16 16:19:10','',NULL,1,'Aceh Selatan',1),
 (6,'R006',NULL,'2015-04-16 16:19:10','',NULL,1,'Aceh Singkil',1),
 (7,'R007',NULL,'2015-04-16 16:19:10','',NULL,1,'Aceh Tamiang',1),
 (8,'R008',NULL,'2015-04-16 16:19:10','',NULL,1,'Aceh Tengah',1),
 (9,'R009',NULL,'2015-04-16 16:19:10','',NULL,1,'Aceh Tenggara',1),
 (10,'R010',NULL,'2015-04-16 16:19:10','',NULL,1,'Aceh Timur',1),
 (11,'R011',NULL,'2015-04-16 16:19:10','',NULL,1,'Aceh Utara',1),
 (12,'R012',NULL,'2015-04-16 16:19:10','',NULL,1,'Bener Meriah',1),
 (13,'R013',NULL,'2015-04-16 16:19:10','',NULL,1,'Bireuen',1),
 (14,'R014',NULL,'2015-04-16 16:19:10','',NULL,1,'Gayo Lues',1);
INSERT INTO `util_regencies` (`id`,`code`,`logChangedBy`,`logChangedOn`,`logCreatedBy`,`logCreatedOn`,`logSaveTimes`,`name`,`province_id`) VALUES 
 (15,'R015',NULL,'2015-04-16 16:19:10','',NULL,1,'Nagan Raya',1),
 (16,'R016',NULL,'2015-04-16 16:19:10','',NULL,1,'Pidie',1),
 (17,'R017',NULL,'2015-04-16 16:19:10','',NULL,1,'Pidie Jaya',1),
 (18,'R018',NULL,'2015-04-16 16:19:10','',NULL,1,'Simeulue',1),
 (19,'R019',NULL,'2015-04-16 16:19:10','',NULL,1,'Banda Aceh',1),
 (20,'R020',NULL,'2015-04-16 16:19:10','',NULL,1,'Langsa',1),
 (21,'R021',NULL,'2015-04-16 16:19:10','',NULL,1,'Lhokseumawe',1),
 (22,'R022',NULL,'2015-04-16 16:19:10','',NULL,1,'Sabang',1),
 (23,'R023',NULL,'2015-04-16 16:19:10','',NULL,1,'Subulussalam',1),
 (24,'R024',NULL,'2015-04-16 16:19:10','',NULL,1,'Asahan',2),
 (25,'R025',NULL,'2015-04-16 16:19:10','',NULL,1,'Batubara',2),
 (26,'R026',NULL,'2015-04-16 16:19:10','',NULL,1,'Dairi',2),
 (27,'R027',NULL,'2015-04-16 16:19:10','',NULL,1,'Deli Serdang',2),
 (28,'R028',NULL,'2015-04-16 16:19:10','',NULL,1,'Humbang Hasundutan',2),
 (29,'R029',NULL,'2015-04-16 16:19:10','',NULL,1,'Karo',2);
INSERT INTO `util_regencies` (`id`,`code`,`logChangedBy`,`logChangedOn`,`logCreatedBy`,`logCreatedOn`,`logSaveTimes`,`name`,`province_id`) VALUES 
 (30,'R030',NULL,'2015-04-16 16:19:10','',NULL,1,'Labuhanbatu',2),
 (31,'R031',NULL,'2015-04-16 16:19:10','',NULL,1,'Labuhanbatu Selatan',2),
 (32,'R032',NULL,'2015-04-16 16:19:10','',NULL,1,'Labuhanbatu Utara',2),
 (33,'R033',NULL,'2015-04-16 16:19:10','',NULL,1,'Langkat',2),
 (34,'R034',NULL,'2015-04-16 16:19:10','',NULL,1,'Mandailing Natal',2),
 (35,'R035',NULL,'2015-04-16 16:19:10','',NULL,1,'Nias',2),
 (36,'R036',NULL,'2015-04-16 16:19:10','',NULL,1,'Nias Barat',2),
 (37,'R037',NULL,'2015-04-16 16:19:10','',NULL,1,'Nias Selatan',2),
 (38,'R038',NULL,'2015-04-16 16:19:10','',NULL,1,'Nias Utara',2),
 (39,'R039',NULL,'2015-04-16 16:19:10','',NULL,1,'Padang Lawas',2),
 (40,'R040',NULL,'2015-04-16 16:19:10','',NULL,1,'Padang Lawas Utara',2),
 (41,'R041',NULL,'2015-04-16 16:19:10','',NULL,1,'Pakpak Bharat',2),
 (42,'R042',NULL,'2015-04-16 16:19:10','',NULL,1,'Samosir',2),
 (43,'R043',NULL,'2015-04-16 16:19:10','',NULL,1,'Serdang Bedagai',2);
INSERT INTO `util_regencies` (`id`,`code`,`logChangedBy`,`logChangedOn`,`logCreatedBy`,`logCreatedOn`,`logSaveTimes`,`name`,`province_id`) VALUES 
 (44,'R044',NULL,'2015-04-16 16:19:10','',NULL,1,'Simalungun',2),
 (45,'R045',NULL,'2015-04-16 16:19:10','',NULL,1,'Tapanuli Selatan',2),
 (46,'R046',NULL,'2015-04-16 16:19:10','',NULL,1,'Tapanuli Tengah',2),
 (47,'R047',NULL,'2015-04-16 16:19:10','',NULL,1,'Tapanuli Utara',2),
 (48,'R048',NULL,'2015-04-16 16:19:10','',NULL,1,'Toba Samosir',2),
 (49,'R049',NULL,'2015-04-16 16:19:10','',NULL,1,'Binjai',2),
 (50,'R050',NULL,'2015-04-16 16:19:10','',NULL,1,'Gunungsitoli',2),
 (51,'R051',NULL,'2015-04-16 16:19:10','',NULL,1,'Medan',2),
 (52,'R052',NULL,'2015-04-16 16:19:10','',NULL,1,'Padangsidempuan',2),
 (53,'R053',NULL,'2015-04-16 16:19:10','',NULL,1,'Pematangsiantar',2),
 (54,'R054',NULL,'2015-04-16 16:19:10','',NULL,1,'Sibolga',2),
 (55,'R055',NULL,'2015-04-16 16:19:10','',NULL,1,'Tanjungbalai',2),
 (56,'R056',NULL,'2015-04-16 16:19:10','',NULL,1,'Tebing Tinggi',2),
 (57,'R057',NULL,'2015-04-16 16:19:10','',NULL,1,'Agam',3);
INSERT INTO `util_regencies` (`id`,`code`,`logChangedBy`,`logChangedOn`,`logCreatedBy`,`logCreatedOn`,`logSaveTimes`,`name`,`province_id`) VALUES 
 (58,'R058',NULL,'2015-04-16 16:19:10','',NULL,1,'Dharmasraya',3),
 (59,'R059',NULL,'2015-04-16 16:19:10','',NULL,1,'Kepulauan Mentawai',3),
 (60,'R060',NULL,'2015-04-16 16:19:10','',NULL,1,'Lima Puluh Kota',3),
 (61,'R061',NULL,'2015-04-16 16:19:10','',NULL,1,'Padang Pariaman',3),
 (62,'R062',NULL,'2015-04-16 16:19:10','',NULL,1,'Pasaman',3),
 (63,'R063',NULL,'2015-04-16 16:19:10','',NULL,1,'Pasaman Barat',3),
 (64,'R064',NULL,'2015-04-16 16:19:10','',NULL,1,'Pesisir Selatan',3),
 (65,'R065',NULL,'2015-04-16 16:19:10','',NULL,1,'Sijunjung',3),
 (66,'R066',NULL,'2015-04-16 16:19:10','',NULL,1,'Solok',3),
 (67,'R067',NULL,'2015-04-16 16:19:10','',NULL,1,'Solok Selatan',3),
 (68,'R068',NULL,'2015-04-16 16:19:10','',NULL,1,'Tanah Datar',3),
 (69,'R069',NULL,'2015-04-16 16:19:10','',NULL,1,'Bukittinggi',3),
 (70,'R070',NULL,'2015-04-16 16:19:10','',NULL,1,'Padang',3),
 (71,'R071',NULL,'2015-04-16 16:19:10','',NULL,1,'Padangpanjang',3);
INSERT INTO `util_regencies` (`id`,`code`,`logChangedBy`,`logChangedOn`,`logCreatedBy`,`logCreatedOn`,`logSaveTimes`,`name`,`province_id`) VALUES 
 (72,'R072',NULL,'2015-04-16 16:19:10','',NULL,1,'Pariaman',3),
 (73,'R073',NULL,'2015-04-16 16:19:10','',NULL,1,'Payakumbuh',3),
 (74,'R074',NULL,'2015-04-16 16:19:10','',NULL,1,'Sawahlunto',3),
 (75,'R075',NULL,'2015-04-16 16:19:10','',NULL,1,'Solok',3),
 (76,'R076',NULL,'2015-04-16 16:19:10','',NULL,1,'Bengkalis',4),
 (77,'R077',NULL,'2015-04-16 16:19:10','',NULL,1,'Indragiri Hilir',4),
 (78,'R078',NULL,'2015-04-16 16:19:10','',NULL,1,'Indragiri Hulu',4),
 (79,'R079',NULL,'2015-04-16 16:19:10','',NULL,1,'Kampar',4),
 (80,'R080',NULL,'2015-04-16 16:19:10','',NULL,1,'Kepulauan Meranti',4),
 (81,'R081',NULL,'2015-04-16 16:19:10','',NULL,1,'Kuantan Singingi',4),
 (82,'R082',NULL,'2015-04-16 16:19:10','',NULL,1,'Pelalawan',4),
 (83,'R083',NULL,'2015-04-16 16:19:10','',NULL,1,'Rokan Hilir',4),
 (84,'R084',NULL,'2015-04-16 16:19:10','',NULL,1,'Rokan Hulu',4),
 (85,'R085',NULL,'2015-04-16 16:19:10','',NULL,1,'Siak',4);
INSERT INTO `util_regencies` (`id`,`code`,`logChangedBy`,`logChangedOn`,`logCreatedBy`,`logCreatedOn`,`logSaveTimes`,`name`,`province_id`) VALUES 
 (86,'R086',NULL,'2015-04-16 16:19:10','',NULL,1,'Dumai',4),
 (87,'R087',NULL,'2015-04-16 16:19:10','',NULL,1,'Pekanbaru',4),
 (88,'R088',NULL,'2015-04-16 16:19:10','',NULL,1,'Bintan',5),
 (89,'R089',NULL,'2015-04-16 16:19:10','',NULL,1,'Karimun',5),
 (90,'R090',NULL,'2015-04-16 16:19:10','',NULL,1,'Kepulauan Anambas',5),
 (91,'R091',NULL,'2015-04-16 16:19:10','',NULL,1,'Lingga',5),
 (92,'R092',NULL,'2015-04-16 16:19:10','',NULL,1,'Natuna',5),
 (93,'R093',NULL,'2015-04-16 16:19:10','',NULL,1,'Batam',5),
 (94,'R094',NULL,'2015-04-16 16:19:10','',NULL,1,'Tanjung Pinang',5),
 (95,'R095',NULL,'2015-04-16 16:19:10','',NULL,1,'Batanghari',6),
 (96,'R096',NULL,'2015-04-16 16:19:10','',NULL,1,'Bungo',6),
 (97,'R097',NULL,'2015-04-16 16:19:10','',NULL,1,'Kerinci',6),
 (98,'R098',NULL,'2015-04-16 16:19:10','',NULL,1,'Merangin',6),
 (99,'R099',NULL,'2015-04-16 16:19:10','',NULL,1,'Muaro Jambi',6),
 (100,'R100',NULL,'2015-04-16 16:19:10','',NULL,1,'Sarolangun',6);
INSERT INTO `util_regencies` (`id`,`code`,`logChangedBy`,`logChangedOn`,`logCreatedBy`,`logCreatedOn`,`logSaveTimes`,`name`,`province_id`) VALUES 
 (101,'R101',NULL,'2015-04-16 16:19:10','',NULL,1,'Tanjung Jabung Barat',6),
 (102,'R102',NULL,'2015-04-16 16:19:10','',NULL,1,'Tanjung Jabung Timur',6),
 (103,'R103',NULL,'2015-04-16 16:19:10','',NULL,1,'Tebo',6),
 (104,'R104',NULL,'2015-04-16 16:19:10','',NULL,1,'Jambi',6),
 (105,'R105',NULL,'2015-04-16 16:19:10','',NULL,1,'Sungai Penuh',6),
 (106,'R106',NULL,'2015-04-16 16:19:10','',NULL,1,'Bengkulu Selatan',7),
 (107,'R107',NULL,'2015-04-16 16:19:10','',NULL,1,'Bengkulu Tengah',7),
 (108,'R108',NULL,'2015-04-16 16:19:10','',NULL,1,'Bengkulu Utara',7),
 (109,'R109',NULL,'2015-04-16 16:19:10','',NULL,1,'Kaur',7),
 (110,'R110',NULL,'2015-04-16 16:19:10','',NULL,1,'Kepahiang',7),
 (111,'R111',NULL,'2015-04-16 16:19:10','',NULL,1,'Lebong',7),
 (112,'R112',NULL,'2015-04-16 16:19:10','',NULL,1,'Mukomuko',7),
 (113,'R113',NULL,'2015-04-16 16:19:10','',NULL,1,'Rejang Lebong',7),
 (114,'R114',NULL,'2015-04-16 16:19:10','',NULL,1,'Seluma',7);
INSERT INTO `util_regencies` (`id`,`code`,`logChangedBy`,`logChangedOn`,`logCreatedBy`,`logCreatedOn`,`logSaveTimes`,`name`,`province_id`) VALUES 
 (115,'R115',NULL,'2015-04-16 16:19:10','',NULL,1,'Bengkulu',7),
 (116,'R116',NULL,'2015-04-16 16:19:10','',NULL,1,'Banyuasin',8),
 (117,'R117',NULL,'2015-04-16 16:19:10','',NULL,1,'Empat Lawang',8),
 (118,'R118',NULL,'2015-04-16 16:19:10','',NULL,1,'Lahat',8),
 (119,'R119',NULL,'2015-04-16 16:19:10','',NULL,1,'Muara Enim',8),
 (120,'R120',NULL,'2015-04-16 16:19:10','',NULL,1,'Musi Banyuasin',8),
 (121,'R121',NULL,'2015-04-16 16:19:10','',NULL,1,'Musi Rawas',8),
 (122,'R122',NULL,'2015-04-16 16:19:10','',NULL,1,'Musi Rawas Utara',8),
 (123,'R123',NULL,'2015-04-16 16:19:10','',NULL,1,'Ogan Ilir',8),
 (124,'R124',NULL,'2015-04-16 16:19:10','',NULL,1,'Ogan Komering Ilir',8),
 (125,'R125',NULL,'2015-04-16 16:19:10','',NULL,1,'Ogan Komering Ulu',8),
 (126,'R126',NULL,'2015-04-16 16:19:10','',NULL,1,'Ogan Komering Ulu Selatan',8),
 (127,'R127',NULL,'2015-04-16 16:19:10','',NULL,1,'Ogan Komering Ulu Timur',8),
 (128,'R128',NULL,'2015-04-16 16:19:10','',NULL,1,'Penukal Abab Lematang Ilir',8);
INSERT INTO `util_regencies` (`id`,`code`,`logChangedBy`,`logChangedOn`,`logCreatedBy`,`logCreatedOn`,`logSaveTimes`,`name`,`province_id`) VALUES 
 (129,'R129',NULL,'2015-04-16 16:19:10','',NULL,1,'Lubuklinggau',8),
 (130,'R130',NULL,'2015-04-16 16:19:10','',NULL,1,'Pagar Alam',8),
 (131,'R131',NULL,'2015-04-16 16:19:10','',NULL,1,'Palembang',8),
 (132,'R132',NULL,'2015-04-16 16:19:10','',NULL,1,'Prabumulih',8),
 (133,'R133',NULL,'2015-04-16 16:19:10','',NULL,1,'Bangka',9),
 (134,'R134',NULL,'2015-04-16 16:19:10','',NULL,1,'Bangka Barat',9),
 (135,'R135',NULL,'2015-04-16 16:19:10','',NULL,1,'Bangka Selatan',9),
 (136,'R136',NULL,'2015-04-16 16:19:10','',NULL,1,'Bangka Tengah',9),
 (137,'R137',NULL,'2015-04-16 16:19:10','',NULL,1,'Belitung',9),
 (138,'R138',NULL,'2015-04-16 16:19:10','',NULL,1,'Belitung Timur',9),
 (139,'R139',NULL,'2015-04-16 16:19:10','',NULL,1,'Pangkal Pinang',9),
 (140,'R140',NULL,'2015-04-16 16:19:10','',NULL,1,'Lampung Tengah',10),
 (141,'R141',NULL,'2015-04-16 16:19:10','',NULL,1,'Lampung Utara',10),
 (142,'R142',NULL,'2015-04-16 16:19:10','',NULL,1,'Lampung Selatan',10);
INSERT INTO `util_regencies` (`id`,`code`,`logChangedBy`,`logChangedOn`,`logCreatedBy`,`logCreatedOn`,`logSaveTimes`,`name`,`province_id`) VALUES 
 (143,'R143',NULL,'2015-04-16 16:19:10','',NULL,1,'Lampung Barat',10),
 (144,'R144',NULL,'2015-04-16 16:19:10','',NULL,1,'Lampung Timur',10),
 (145,'R145',NULL,'2015-04-16 16:19:10','',NULL,1,'Mesuji',10),
 (146,'R146',NULL,'2015-04-16 16:19:10','',NULL,1,'Pesawaran',10),
 (147,'R147',NULL,'2015-04-16 16:19:10','',NULL,1,'Pesisir Barat',10),
 (148,'R148',NULL,'2015-04-16 16:19:10','',NULL,1,'Pringsewu',10),
 (149,'R149',NULL,'2015-04-16 16:19:10','',NULL,1,'Tulang Bawang',10),
 (150,'R150',NULL,'2015-04-16 16:19:10','',NULL,1,'Tulang Bawang Barat',10),
 (151,'R151',NULL,'2015-04-16 16:19:10','',NULL,1,'Tanggamus',10),
 (152,'R152',NULL,'2015-04-16 16:19:10','',NULL,1,'Way Kanan',10),
 (153,'R153',NULL,'2015-04-16 16:19:10','',NULL,1,'Bandar Lampung',10),
 (154,'R154',NULL,'2015-04-16 16:19:10','',NULL,1,'Metro',10),
 (155,'R155',NULL,'2015-04-16 16:19:10','',NULL,1,'Lebak',11),
 (156,'R156',NULL,'2015-04-16 16:19:10','',NULL,1,'Pandeglang',11);
INSERT INTO `util_regencies` (`id`,`code`,`logChangedBy`,`logChangedOn`,`logCreatedBy`,`logCreatedOn`,`logSaveTimes`,`name`,`province_id`) VALUES 
 (157,'R157',NULL,'2015-04-16 16:19:10','',NULL,1,'Serang',11),
 (158,'R158',NULL,'2015-04-16 16:19:10','',NULL,1,'Tangerang',11),
 (159,'R159',NULL,'2015-04-16 16:19:10','',NULL,1,'Cilegon',11),
 (160,'R160',NULL,'2015-04-16 16:19:10','',NULL,1,'Serang',11),
 (161,'R161',NULL,'2015-04-16 16:19:10','',NULL,1,'Tangerang',11),
 (162,'R162',NULL,'2015-04-16 16:19:10','',NULL,1,'Tangerang Selatan',11),
 (163,'R163',NULL,'2015-04-16 16:19:10','',NULL,1,'Bandung',12),
 (164,'R164',NULL,'2015-04-16 16:19:10','',NULL,1,'Bandung Barat',12),
 (165,'R165',NULL,'2015-04-16 16:19:10','',NULL,1,'Bekasi',12),
 (166,'R166',NULL,'2015-04-16 16:19:10','',NULL,1,'Bogor',12),
 (167,'R167',NULL,'2015-04-16 16:19:10','',NULL,1,'Ciamis',12),
 (168,'R168',NULL,'2015-04-16 16:19:10','',NULL,1,'Cianjur',12),
 (169,'R169',NULL,'2015-04-16 16:19:10','',NULL,1,'Cirebon',12),
 (170,'R170',NULL,'2015-04-16 16:19:10','',NULL,1,'Garut',12);
INSERT INTO `util_regencies` (`id`,`code`,`logChangedBy`,`logChangedOn`,`logCreatedBy`,`logCreatedOn`,`logSaveTimes`,`name`,`province_id`) VALUES 
 (171,'R171',NULL,'2015-04-16 16:19:10','',NULL,1,'Indramayu',12),
 (172,'R172',NULL,'2015-04-16 16:19:10','',NULL,1,'Karawang',12),
 (173,'R173',NULL,'2015-04-16 16:19:10','',NULL,1,'Kuningan',12),
 (174,'R174',NULL,'2015-04-16 16:19:10','',NULL,1,'Majalengka',12),
 (175,'R175',NULL,'2015-04-16 16:19:10','',NULL,1,'Pangandaran',12),
 (176,'R176',NULL,'2015-04-16 16:19:10','',NULL,1,'Purwakarta',12),
 (177,'R177',NULL,'2015-04-16 16:19:10','',NULL,1,'Subang',12),
 (178,'R178',NULL,'2015-04-16 16:19:10','',NULL,1,'Sukabumi',12),
 (179,'R179',NULL,'2015-04-16 16:19:10','',NULL,1,'Sumedang',12),
 (180,'R180',NULL,'2015-04-16 16:19:10','',NULL,1,'Tasikmalaya',12),
 (181,'R181',NULL,'2015-04-16 16:19:10','',NULL,1,'Bandung',12),
 (182,'R182',NULL,'2015-04-16 16:19:10','',NULL,1,'Banjar',12),
 (183,'R183',NULL,'2015-04-16 16:19:10','',NULL,1,'Bekasi',12),
 (184,'R184',NULL,'2015-04-16 16:19:10','',NULL,1,'Bogor',12);
INSERT INTO `util_regencies` (`id`,`code`,`logChangedBy`,`logChangedOn`,`logCreatedBy`,`logCreatedOn`,`logSaveTimes`,`name`,`province_id`) VALUES 
 (185,'R185',NULL,'2015-04-16 16:19:10','',NULL,1,'Cimahi',12),
 (186,'R186',NULL,'2015-04-16 16:19:10','',NULL,1,'Cirebon',12),
 (187,'R187',NULL,'2015-04-16 16:19:10','',NULL,1,'Depok',12),
 (188,'R188',NULL,'2015-04-16 16:19:10','',NULL,1,'Sukabumi',12),
 (189,'R189',NULL,'2015-04-16 16:19:10','',NULL,1,'Tasikmalaya',12),
 (190,'R190',NULL,'2015-04-16 16:19:10','',NULL,1,'Kepulauan Seribu',13),
 (191,'R191',NULL,'2015-04-16 16:19:10','',NULL,1,'Jakarta Barat',13),
 (192,'R192',NULL,'2015-04-16 16:19:10','',NULL,1,'Jakarta Pusat',13),
 (193,'R193',NULL,'2015-04-16 16:19:10','',NULL,1,'Jakarta Selatan',13),
 (194,'R194',NULL,'2015-04-16 16:19:10','',NULL,1,'Jakarta Timur',13),
 (195,'R195',NULL,'2015-04-16 16:19:10','',NULL,1,'Jakarta Utara',13),
 (196,'R196',NULL,'2015-04-16 16:19:10','',NULL,1,'Banjarnegara',14),
 (197,'R197',NULL,'2015-04-16 16:19:10','',NULL,1,'Banyumas',14),
 (198,'R198',NULL,'2015-04-16 16:19:10','',NULL,1,'Batang',14);
INSERT INTO `util_regencies` (`id`,`code`,`logChangedBy`,`logChangedOn`,`logCreatedBy`,`logCreatedOn`,`logSaveTimes`,`name`,`province_id`) VALUES 
 (199,'R199',NULL,'2015-04-16 16:19:10','',NULL,1,'Blora',14),
 (200,'R200',NULL,'2015-04-16 16:19:10','',NULL,1,'Boyolali',14),
 (201,'R201',NULL,'2015-04-16 16:19:10','',NULL,1,'Brebes',14),
 (202,'R202',NULL,'2015-04-16 16:19:10','',NULL,1,'Cilacap',14),
 (203,'R203',NULL,'2015-04-16 16:19:10','',NULL,1,'Demak',14),
 (204,'R204',NULL,'2015-04-16 16:19:10','',NULL,1,'Grobogan',14),
 (205,'R205',NULL,'2015-04-16 16:19:10','',NULL,1,'Jepara',14),
 (206,'R206',NULL,'2015-04-16 16:19:10','',NULL,1,'Karanganyar',14),
 (207,'R207',NULL,'2015-04-16 16:19:10','',NULL,1,'Kebumen',14),
 (208,'R208',NULL,'2015-04-16 16:19:10','',NULL,1,'Kendal',14),
 (209,'R209',NULL,'2015-04-16 16:19:10','',NULL,1,'Klaten',14),
 (210,'R210',NULL,'2015-04-16 16:19:10','',NULL,1,'Kudus',14),
 (211,'R211',NULL,'2015-04-16 16:19:10','',NULL,1,'Magelang',14),
 (212,'R212',NULL,'2015-04-16 16:19:10','',NULL,1,'Pati',14),
 (213,'R213',NULL,'2015-04-16 16:19:10','',NULL,1,'Pekalongan',14);
INSERT INTO `util_regencies` (`id`,`code`,`logChangedBy`,`logChangedOn`,`logCreatedBy`,`logCreatedOn`,`logSaveTimes`,`name`,`province_id`) VALUES 
 (214,'R214',NULL,'2015-04-16 16:19:10','',NULL,1,'Pemalang',14),
 (215,'R215',NULL,'2015-04-16 16:19:10','',NULL,1,'Purbalingga',14),
 (216,'R216',NULL,'2015-04-16 16:19:10','',NULL,1,'Purworejo',14),
 (217,'R217',NULL,'2015-04-16 16:19:10','',NULL,1,'Rembang',14),
 (218,'R218',NULL,'2015-04-16 16:19:10','',NULL,1,'Semarang',14),
 (219,'R219',NULL,'2015-04-16 16:19:10','',NULL,1,'Sragen',14),
 (220,'R220',NULL,'2015-04-16 16:19:10','',NULL,1,'Sukoharjo',14),
 (221,'R221',NULL,'2015-04-16 16:19:10','',NULL,1,'Tegal',14),
 (222,'R222',NULL,'2015-04-16 16:19:10','',NULL,1,'Temanggung',14),
 (223,'R223',NULL,'2015-04-16 16:19:10','',NULL,1,'Wonogiri',14),
 (224,'R224',NULL,'2015-04-16 16:19:10','',NULL,1,'Wonosobo',14),
 (225,'R225',NULL,'2015-04-16 16:19:10','',NULL,1,'Magelang',14),
 (226,'R226',NULL,'2015-04-16 16:19:10','',NULL,1,'Pekalongan',14),
 (227,'R227',NULL,'2015-04-16 16:19:10','',NULL,1,'Salatiga',14);
INSERT INTO `util_regencies` (`id`,`code`,`logChangedBy`,`logChangedOn`,`logCreatedBy`,`logCreatedOn`,`logSaveTimes`,`name`,`province_id`) VALUES 
 (228,'R228',NULL,'2015-04-16 16:19:10','',NULL,1,'Semarang',14),
 (229,'R229',NULL,'2015-04-16 16:19:10','',NULL,1,'Surakarta',14),
 (230,'R230',NULL,'2015-04-16 16:19:10','',NULL,1,'Tegal',14),
 (231,'R231',NULL,'2015-04-16 16:19:10','',NULL,1,'Bangkalan',15),
 (232,'R232',NULL,'2015-04-16 16:19:10','',NULL,1,'Banyuwangi',15),
 (233,'R233',NULL,'2015-04-16 16:19:10','',NULL,1,'Blitar',15),
 (234,'R234',NULL,'2015-04-16 16:19:10','',NULL,1,'Bojonegoro',15),
 (235,'R235',NULL,'2015-04-16 16:19:10','',NULL,1,'Bondowoso',15),
 (236,'R236',NULL,'2015-04-16 16:19:10','',NULL,1,'Gresik',15),
 (237,'R237',NULL,'2015-04-16 16:19:10','',NULL,1,'Jember',15),
 (238,'R238',NULL,'2015-04-16 16:19:10','',NULL,1,'Jombang',15),
 (239,'R239',NULL,'2015-04-16 16:19:10','',NULL,1,'Kediri',15),
 (240,'R240',NULL,'2015-04-16 16:19:10','',NULL,1,'Lamongan',15),
 (241,'R241',NULL,'2015-04-16 16:19:10','',NULL,1,'Lumajang',15);
INSERT INTO `util_regencies` (`id`,`code`,`logChangedBy`,`logChangedOn`,`logCreatedBy`,`logCreatedOn`,`logSaveTimes`,`name`,`province_id`) VALUES 
 (242,'R242',NULL,'2015-04-16 16:19:10','',NULL,1,'Madiun',15),
 (243,'R243',NULL,'2015-04-16 16:19:10','',NULL,1,'Magetan',15),
 (244,'R244',NULL,'2015-04-16 16:19:10','',NULL,1,'Malang',15),
 (245,'R245',NULL,'2015-04-16 16:19:10','',NULL,1,'Mojokerto',15),
 (246,'R246',NULL,'2015-04-16 16:19:10','',NULL,1,'Nganjuk',15),
 (247,'R247',NULL,'2015-04-16 16:19:10','',NULL,1,'Ngawi',15),
 (248,'R248',NULL,'2015-04-16 16:19:10','',NULL,1,'Pacitan',15),
 (249,'R249',NULL,'2015-04-16 16:19:10','',NULL,1,'Pamekasan',15),
 (250,'R250',NULL,'2015-04-16 16:19:10','',NULL,1,'Pasuruan',15),
 (251,'R251',NULL,'2015-04-16 16:19:10','',NULL,1,'Ponorogo',15),
 (252,'R252',NULL,'2015-04-16 16:19:10','',NULL,1,'Probolinggo',15),
 (253,'R253',NULL,'2015-04-16 16:19:10','',NULL,1,'Sampang',15),
 (254,'R254',NULL,'2015-04-16 16:19:10','',NULL,1,'Sidoarjo',15),
 (255,'R255',NULL,'2015-04-16 16:19:10','',NULL,1,'Situbondo',15),
 (256,'R256',NULL,'2015-04-16 16:19:10','',NULL,1,'Sumenep',15);
INSERT INTO `util_regencies` (`id`,`code`,`logChangedBy`,`logChangedOn`,`logCreatedBy`,`logCreatedOn`,`logSaveTimes`,`name`,`province_id`) VALUES 
 (257,'R257',NULL,'2015-04-16 16:19:10','',NULL,1,'Trenggalek',15),
 (258,'R258',NULL,'2015-04-16 16:19:10','',NULL,1,'Tuban',15),
 (259,'R259',NULL,'2015-04-16 16:19:10','',NULL,1,'Tulungagung',15),
 (260,'R260',NULL,'2015-04-16 16:19:10','',NULL,1,'Batu[12]',15),
 (261,'R261',NULL,'2015-04-16 16:19:10','',NULL,1,'Blitar',15),
 (262,'R262',NULL,'2015-04-16 16:19:10','',NULL,1,'Kediri',15),
 (263,'R263',NULL,'2015-04-16 16:19:10','',NULL,1,'Madiun',15),
 (264,'R264',NULL,'2015-04-16 16:19:10','',NULL,1,'Malang',15),
 (265,'R265',NULL,'2015-04-16 16:19:10','',NULL,1,'Mojokerto',15),
 (266,'R266',NULL,'2015-04-16 16:19:10','',NULL,1,'Pasuruan',15),
 (267,'R267',NULL,'2015-04-16 16:19:10','',NULL,1,'Probolinggo',15),
 (268,'R268',NULL,'2015-04-16 16:19:10','',NULL,1,'Surabaya',15),
 (269,'R269',NULL,'2015-04-16 16:19:10','',NULL,1,'Bantul',16),
 (270,'R270',NULL,'2015-04-16 16:19:10','',NULL,1,'Gunungkidul',16);
INSERT INTO `util_regencies` (`id`,`code`,`logChangedBy`,`logChangedOn`,`logCreatedBy`,`logCreatedOn`,`logSaveTimes`,`name`,`province_id`) VALUES 
 (271,'R271',NULL,'2015-04-16 16:19:10','',NULL,1,'Kulon Progo',16),
 (272,'R272',NULL,'2015-04-16 16:19:10','',NULL,1,'Sleman',16),
 (273,'R273',NULL,'2015-04-16 16:19:10','',NULL,1,'Yogyakarta',16),
 (274,'R274',NULL,'2015-04-16 16:19:10','',NULL,1,'Badung',17),
 (275,'R275',NULL,'2015-04-16 16:19:10','',NULL,1,'Bangli',17),
 (276,'R276',NULL,'2015-04-16 16:19:10','',NULL,1,'Buleleng',17),
 (277,'R277',NULL,'2015-04-16 16:19:10','',NULL,1,'Gianyar',17),
 (278,'R278',NULL,'2015-04-16 16:19:10','',NULL,1,'Jembrana',17),
 (279,'R279',NULL,'2015-04-16 16:19:10','',NULL,1,'Karangasem',17),
 (280,'R280',NULL,'2015-04-16 16:19:10','',NULL,1,'Klungkung',17),
 (281,'R281',NULL,'2015-04-16 16:19:10','',NULL,1,'Tabanan',17),
 (282,'R282',NULL,'2015-04-16 16:19:10','',NULL,1,'Denpasar',17),
 (283,'R283',NULL,'2015-04-16 16:19:10','',NULL,1,'Bima',18),
 (284,'R284',NULL,'2015-04-16 16:19:10','',NULL,1,'Dompu',18);
INSERT INTO `util_regencies` (`id`,`code`,`logChangedBy`,`logChangedOn`,`logCreatedBy`,`logCreatedOn`,`logSaveTimes`,`name`,`province_id`) VALUES 
 (285,'R285',NULL,'2015-04-16 16:19:10','',NULL,1,'Lombok Barat',18),
 (286,'R286',NULL,'2015-04-16 16:19:10','',NULL,1,'Lombok Tengah',18),
 (287,'R287',NULL,'2015-04-16 16:19:10','',NULL,1,'Lombok Timur',18),
 (288,'R288',NULL,'2015-04-16 16:19:10','',NULL,1,'Lombok Utara',18),
 (289,'R289',NULL,'2015-04-16 16:19:10','',NULL,1,'Sumbawa',18),
 (290,'R290',NULL,'2015-04-16 16:19:10','',NULL,1,'Sumbawa Barat',18),
 (291,'R291',NULL,'2015-04-16 16:19:10','',NULL,1,'Bima',18),
 (292,'R292',NULL,'2015-04-16 16:19:10','',NULL,1,'Mataram',18),
 (293,'R293',NULL,'2015-04-16 16:19:10','',NULL,1,'Alor',19),
 (294,'R294',NULL,'2015-04-16 16:19:10','',NULL,1,'Belu',19),
 (295,'R295',NULL,'2015-04-16 16:19:10','',NULL,1,'Ende',19),
 (296,'R296',NULL,'2015-04-16 16:19:10','',NULL,1,'Flores Timur',19),
 (297,'R297',NULL,'2015-04-16 16:19:10','',NULL,1,'Kupang',19),
 (298,'R298',NULL,'2015-04-16 16:19:10','',NULL,1,'Lembata',19);
INSERT INTO `util_regencies` (`id`,`code`,`logChangedBy`,`logChangedOn`,`logCreatedBy`,`logCreatedOn`,`logSaveTimes`,`name`,`province_id`) VALUES 
 (299,'R299',NULL,'2015-04-16 16:19:10','',NULL,1,'Malaka',19),
 (300,'R300',NULL,'2015-04-16 16:19:10','',NULL,1,'Manggarai',19),
 (301,'R301',NULL,'2015-04-16 16:19:10','',NULL,1,'Manggarai Barat',19),
 (302,'R302',NULL,'2015-04-16 16:19:10','',NULL,1,'Manggarai Timur',19),
 (303,'R303',NULL,'2015-04-16 16:19:10','',NULL,1,'Ngada',19),
 (304,'R304',NULL,'2015-04-16 16:19:10','',NULL,1,'Nagekeo',19),
 (305,'R305',NULL,'2015-04-16 16:19:10','',NULL,1,'Rote Ndao',19),
 (306,'R306',NULL,'2015-04-16 16:19:10','',NULL,1,'Sabu Raijua',19),
 (307,'R307',NULL,'2015-04-16 16:19:10','',NULL,1,'Sikka',19),
 (308,'R308',NULL,'2015-04-16 16:19:10','',NULL,1,'Sumba Barat',19),
 (309,'R309',NULL,'2015-04-16 16:19:10','',NULL,1,'Sumba Barat Daya',19),
 (310,'R310',NULL,'2015-04-16 16:19:10','',NULL,1,'Sumba Tengah',19),
 (311,'R311',NULL,'2015-04-16 16:19:10','',NULL,1,'Sumba Timur',19),
 (312,'R312',NULL,'2015-04-16 16:19:10','',NULL,1,'Timor Tengah Selatan',19);
INSERT INTO `util_regencies` (`id`,`code`,`logChangedBy`,`logChangedOn`,`logCreatedBy`,`logCreatedOn`,`logSaveTimes`,`name`,`province_id`) VALUES 
 (313,'R313',NULL,'2015-04-16 16:19:10','',NULL,1,'Timor Tengah Utara',19),
 (314,'R314',NULL,'2015-04-16 16:19:10','',NULL,1,'Kupang',19),
 (315,'R315',NULL,'2015-04-16 16:19:10','',NULL,1,'Bengkayang',20),
 (316,'R316',NULL,'2015-04-16 16:19:10','',NULL,1,'Kapuas Hulu',20),
 (317,'R317',NULL,'2015-04-16 16:19:10','',NULL,1,'Kayong Utara',20),
 (318,'R318',NULL,'2015-04-16 16:19:10','',NULL,1,'Ketapang',20),
 (319,'R319',NULL,'2015-04-16 16:19:10','',NULL,1,'Kubu Raya',20),
 (320,'R320',NULL,'2015-04-16 16:19:10','',NULL,1,'Landak',20),
 (321,'R321',NULL,'2015-04-16 16:19:10','',NULL,1,'Melawi',20),
 (322,'R322',NULL,'2015-04-16 16:19:10','',NULL,1,'Mempawah',20),
 (323,'R323',NULL,'2015-04-16 16:19:10','',NULL,1,'Sambas',20),
 (324,'R324',NULL,'2015-04-16 16:19:10','',NULL,1,'Sanggau',20),
 (325,'R325',NULL,'2015-04-16 16:19:10','',NULL,1,'Sekadau',20),
 (326,'R326',NULL,'2015-04-16 16:19:10','',NULL,1,'Sintang',20);
INSERT INTO `util_regencies` (`id`,`code`,`logChangedBy`,`logChangedOn`,`logCreatedBy`,`logCreatedOn`,`logSaveTimes`,`name`,`province_id`) VALUES 
 (327,'R327',NULL,'2015-04-16 16:19:10','',NULL,1,'Pontianak',20),
 (328,'R328',NULL,'2015-04-16 16:19:10','',NULL,1,'Singkawang',20),
 (329,'R329',NULL,'2015-04-16 16:19:10','',NULL,1,'Balangan',21),
 (330,'R330',NULL,'2015-04-16 16:19:10','',NULL,1,'Banjar',21),
 (331,'R331',NULL,'2015-04-16 16:19:10','',NULL,1,'Barito Kuala',21),
 (332,'R332',NULL,'2015-04-16 16:19:10','',NULL,1,'Hulu Sungai Selatan',21),
 (333,'R333',NULL,'2015-04-16 16:19:10','',NULL,1,'Hulu Sungai Tengah',21),
 (334,'R334',NULL,'2015-04-16 16:19:10','',NULL,1,'Hulu Sungai Utara',21),
 (335,'R335',NULL,'2015-04-16 16:19:10','',NULL,1,'Kotabaru',21),
 (336,'R336',NULL,'2015-04-16 16:19:10','',NULL,1,'Tabalong',21),
 (337,'R337',NULL,'2015-04-16 16:19:10','',NULL,1,'Tanah Bumbu',21),
 (338,'R338',NULL,'2015-04-16 16:19:10','',NULL,1,'Tanah Laut',21),
 (339,'R339',NULL,'2015-04-16 16:19:10','',NULL,1,'Tapin',21),
 (340,'R340',NULL,'2015-04-16 16:19:10','',NULL,1,'Banjarbaru',21);
INSERT INTO `util_regencies` (`id`,`code`,`logChangedBy`,`logChangedOn`,`logCreatedBy`,`logCreatedOn`,`logSaveTimes`,`name`,`province_id`) VALUES 
 (341,'R341',NULL,'2015-04-16 16:19:10','',NULL,1,'Banjarmasin',21),
 (342,'R342',NULL,'2015-04-16 16:19:10','',NULL,1,'Barito Selatan',22),
 (343,'R343',NULL,'2015-04-16 16:19:10','',NULL,1,'Barito Timur',22),
 (344,'R344',NULL,'2015-04-16 16:19:10','',NULL,1,'Barito Utara',22),
 (345,'R345',NULL,'2015-04-16 16:19:10','',NULL,1,'Gunung Mas',22),
 (346,'R346',NULL,'2015-04-16 16:19:10','',NULL,1,'Kapuas',22),
 (347,'R347',NULL,'2015-04-16 16:19:10','',NULL,1,'Katingan',22),
 (348,'R348',NULL,'2015-04-16 16:19:10','',NULL,1,'Kotawaringin Barat',22),
 (349,'R349',NULL,'2015-04-16 16:19:10','',NULL,1,'Kotawaringin Timur',22),
 (350,'R350',NULL,'2015-04-16 16:19:10','',NULL,1,'Lamandau',22),
 (351,'R351',NULL,'2015-04-16 16:19:10','',NULL,1,'Murung Raya',22),
 (352,'R352',NULL,'2015-04-16 16:19:10','',NULL,1,'Pulang Pisau',22),
 (353,'R353',NULL,'2015-04-16 16:19:10','',NULL,1,'Sukamara',22),
 (354,'R354',NULL,'2015-04-16 16:19:10','',NULL,1,'Seruyan',22);
INSERT INTO `util_regencies` (`id`,`code`,`logChangedBy`,`logChangedOn`,`logCreatedBy`,`logCreatedOn`,`logSaveTimes`,`name`,`province_id`) VALUES 
 (355,'R355',NULL,'2015-04-16 16:19:10','',NULL,1,'Palangka Raya',22),
 (356,'R356',NULL,'2015-04-16 16:19:10','',NULL,1,'Berau',23),
 (357,'R357',NULL,'2015-04-16 16:19:10','',NULL,1,'Kutai Barat',23),
 (358,'R358',NULL,'2015-04-16 16:19:10','',NULL,1,'Kutai Kartanegara',23),
 (359,'R359',NULL,'2015-04-16 16:19:10','',NULL,1,'Kutai Timur',23),
 (360,'R360',NULL,'2015-04-16 16:19:10','',NULL,1,'Mahakam Ulu',23),
 (361,'R361',NULL,'2015-04-16 16:19:10','',NULL,1,'Paser',23),
 (362,'R362',NULL,'2015-04-16 16:19:10','',NULL,1,'Penajam Paser Utara',23),
 (363,'R363',NULL,'2015-04-16 16:19:10','',NULL,1,'Balikpapan',23),
 (364,'R364',NULL,'2015-04-16 16:19:10','',NULL,1,'Bontang',23),
 (365,'R365',NULL,'2015-04-16 16:19:10','',NULL,1,'Samarinda',23),
 (366,'R366',NULL,'2015-04-16 16:19:10','',NULL,1,'Bulungan',24),
 (367,'R367',NULL,'2015-04-16 16:19:10','',NULL,1,'Malinau',24),
 (368,'R368',NULL,'2015-04-16 16:19:10','',NULL,1,'Nunukan',24);
INSERT INTO `util_regencies` (`id`,`code`,`logChangedBy`,`logChangedOn`,`logCreatedBy`,`logCreatedOn`,`logSaveTimes`,`name`,`province_id`) VALUES 
 (369,'R369',NULL,'2015-04-16 16:19:10','',NULL,1,'Tana Tidung',24),
 (370,'R370',NULL,'2015-04-16 16:19:10','',NULL,1,'Tarakan',24),
 (371,'R371',NULL,'2015-04-16 16:19:10','',NULL,1,'Boalemo',25),
 (372,'R372',NULL,'2015-04-16 16:19:10','',NULL,1,'Bone Bolango',25),
 (373,'R373',NULL,'2015-04-16 16:19:10','',NULL,1,'Gorontalo',25),
 (374,'R374',NULL,'2015-04-16 16:19:10','',NULL,1,'Gorontalo Utara',25),
 (375,'R375',NULL,'2015-04-16 16:19:10','',NULL,1,'Pohuwato',25),
 (376,'R376',NULL,'2015-04-16 16:19:10','',NULL,1,'Gorontalo',25),
 (377,'R377',NULL,'2015-04-16 16:19:10','',NULL,1,'Bantaeng',26),
 (378,'R378',NULL,'2015-04-16 16:19:10','',NULL,1,'Barru',26),
 (379,'R379',NULL,'2015-04-16 16:19:10','',NULL,1,'Bone',26),
 (380,'R380',NULL,'2015-04-16 16:19:10','',NULL,1,'Bulukumba',26),
 (381,'R381',NULL,'2015-04-16 16:19:10','',NULL,1,'Enrekang',26),
 (382,'R382',NULL,'2015-04-16 16:19:10','',NULL,1,'Gowa',26);
INSERT INTO `util_regencies` (`id`,`code`,`logChangedBy`,`logChangedOn`,`logCreatedBy`,`logCreatedOn`,`logSaveTimes`,`name`,`province_id`) VALUES 
 (383,'R383',NULL,'2015-04-16 16:19:10','',NULL,1,'Jeneponto',26),
 (384,'R384',NULL,'2015-04-16 16:19:10','',NULL,1,'Kepulauan Selayar',26),
 (385,'R385',NULL,'2015-04-16 16:19:10','',NULL,1,'Luwu',26),
 (386,'R386',NULL,'2015-04-16 16:19:10','',NULL,1,'Luwu Timur',26),
 (387,'R387',NULL,'2015-04-16 16:19:10','',NULL,1,'Luwu Utara',26),
 (388,'R388',NULL,'2015-04-16 16:19:10','',NULL,1,'Maros',26),
 (389,'R389',NULL,'2015-04-16 16:19:10','',NULL,1,'Pangkajene dan Kepulauan',26),
 (390,'R390',NULL,'2015-04-16 16:19:10','',NULL,1,'Pinrang',26),
 (391,'R391',NULL,'2015-04-16 16:19:10','',NULL,1,'Sidenreng Rappang',26),
 (392,'R392',NULL,'2015-04-16 16:19:10','',NULL,1,'Sinjai',26),
 (393,'R393',NULL,'2015-04-16 16:19:10','',NULL,1,'Soppeng',26),
 (394,'R394',NULL,'2015-04-16 16:19:10','',NULL,1,'Takalar',26),
 (395,'R395',NULL,'2015-04-16 16:19:10','',NULL,1,'Tana Toraja',26),
 (396,'R396',NULL,'2015-04-16 16:19:10','',NULL,1,'Toraja Utara',26);
INSERT INTO `util_regencies` (`id`,`code`,`logChangedBy`,`logChangedOn`,`logCreatedBy`,`logCreatedOn`,`logSaveTimes`,`name`,`province_id`) VALUES 
 (397,'R397',NULL,'2015-04-16 16:19:10','',NULL,1,'Wajo',26),
 (398,'R398',NULL,'2015-04-16 16:19:10','',NULL,1,'Makassar',26),
 (399,'R399',NULL,'2015-04-16 16:19:10','',NULL,1,'Palopo',26),
 (400,'R400',NULL,'2015-04-16 16:19:10','',NULL,1,'Parepare',26),
 (401,'R401',NULL,'2015-04-16 16:19:10','',NULL,1,'Bombana',27),
 (402,'R402',NULL,'2015-04-16 16:19:10','',NULL,1,'Buton',27),
 (403,'R403',NULL,'2015-04-16 16:19:10','',NULL,1,'Buton Selatan',27),
 (404,'R404',NULL,'2015-04-16 16:19:10','',NULL,1,'Buton Tengah',27),
 (405,'R405',NULL,'2015-04-16 16:19:10','',NULL,1,'Buton Utara',27),
 (406,'R406',NULL,'2015-04-16 16:19:10','',NULL,1,'Kolaka',27),
 (407,'R407',NULL,'2015-04-16 16:19:10','',NULL,1,'Kolaka Timur',27),
 (408,'R408',NULL,'2015-04-16 16:19:10','',NULL,1,'Kolaka Utara',27),
 (409,'R409',NULL,'2015-04-16 16:19:10','',NULL,1,'Konawe',27),
 (410,'R410',NULL,'2015-04-16 16:19:10','',NULL,1,'Konawe Kepulauan',27);
INSERT INTO `util_regencies` (`id`,`code`,`logChangedBy`,`logChangedOn`,`logCreatedBy`,`logCreatedOn`,`logSaveTimes`,`name`,`province_id`) VALUES 
 (411,'R411',NULL,'2015-04-16 16:19:10','',NULL,1,'Konawe Selatan',27),
 (412,'R412',NULL,'2015-04-16 16:19:10','',NULL,1,'Konawe Utara',27),
 (413,'R413',NULL,'2015-04-16 16:19:10','',NULL,1,'Muna',27),
 (414,'R414',NULL,'2015-04-16 16:19:10','',NULL,1,'Muna Barat',27),
 (415,'R415',NULL,'2015-04-16 16:19:10','',NULL,1,'Wakatobi',27),
 (416,'R416',NULL,'2015-04-16 16:19:10','',NULL,1,'Bau-Bau',27),
 (417,'R417',NULL,'2015-04-16 16:19:10','',NULL,1,'Kendari',27),
 (418,'R418',NULL,'2015-04-16 16:19:10','',NULL,1,'Banggai',28),
 (419,'R419',NULL,'2015-04-16 16:19:10','',NULL,1,'Banggai Kepulauan',28),
 (420,'R420',NULL,'2015-04-16 16:19:10','',NULL,1,'Banggai Laut',28),
 (421,'R421',NULL,'2015-04-16 16:19:10','',NULL,1,'Buol',28),
 (422,'R422',NULL,'2015-04-16 16:19:10','',NULL,1,'Donggala',28),
 (423,'R423',NULL,'2015-04-16 16:19:10','',NULL,1,'Morowali',28),
 (424,'R424',NULL,'2015-04-16 16:19:10','',NULL,1,'Morowali Utara',28);
INSERT INTO `util_regencies` (`id`,`code`,`logChangedBy`,`logChangedOn`,`logCreatedBy`,`logCreatedOn`,`logSaveTimes`,`name`,`province_id`) VALUES 
 (425,'R425',NULL,'2015-04-16 16:19:10','',NULL,1,'Parigi Moutong',28),
 (426,'R426',NULL,'2015-04-16 16:19:10','',NULL,1,'Poso',28),
 (427,'R427',NULL,'2015-04-16 16:19:10','',NULL,1,'Sigi',28),
 (428,'R428',NULL,'2015-04-16 16:19:10','',NULL,1,'Tojo Una-Una',28),
 (429,'R429',NULL,'2015-04-16 16:19:10','',NULL,1,'Toli-Toli',28),
 (430,'R430',NULL,'2015-04-16 16:19:10','',NULL,1,'Palu',28),
 (431,'R431',NULL,'2015-04-16 16:19:10','',NULL,1,'Bolaang Mongondow',29),
 (432,'R432',NULL,'2015-04-16 16:19:10','',NULL,1,'Bolaang Mongondow Selatan',29),
 (433,'R433',NULL,'2015-04-16 16:19:10','',NULL,1,'Bolaang Mongondow Timur',29),
 (434,'R434',NULL,'2015-04-16 16:19:10','',NULL,1,'Bolaang Mongondow Utara',29),
 (435,'R435',NULL,'2015-04-16 16:19:10','',NULL,1,'Kepulauan Sangihe',29),
 (436,'R436',NULL,'2015-04-16 16:19:10','',NULL,1,'Kepulauan Siau Tagulandang Biaro',29),
 (437,'R437',NULL,'2015-04-16 16:19:10','',NULL,1,'Kepulauan Talaud',29);
INSERT INTO `util_regencies` (`id`,`code`,`logChangedBy`,`logChangedOn`,`logCreatedBy`,`logCreatedOn`,`logSaveTimes`,`name`,`province_id`) VALUES 
 (438,'R438',NULL,'2015-04-16 16:19:10','',NULL,1,'Minahasa',29),
 (439,'R439',NULL,'2015-04-16 16:19:10','',NULL,1,'Minahasa Selatan',29),
 (440,'R440',NULL,'2015-04-16 16:19:10','',NULL,1,'Minahasa Tenggara',29),
 (441,'R441',NULL,'2015-04-16 16:19:10','',NULL,1,'Minahasa Utara',29),
 (442,'R442',NULL,'2015-04-16 16:19:10','',NULL,1,'Bitung',29),
 (443,'R443',NULL,'2015-04-16 16:19:10','',NULL,1,'Kotamobagu',29),
 (444,'R444',NULL,'2015-04-16 16:19:10','',NULL,1,'Manado',29),
 (445,'R445',NULL,'2015-04-16 16:19:10','',NULL,1,'Tomohon',29),
 (446,'R446',NULL,'2015-04-16 16:19:10','',NULL,1,'Majene',30),
 (447,'R447',NULL,'2015-04-16 16:19:10','',NULL,1,'Mamasa',30),
 (448,'R448',NULL,'2015-04-16 16:19:10','',NULL,1,'Mamuju',30),
 (449,'R449',NULL,'2015-04-16 16:19:10','',NULL,1,'Mamuju Tengah',30),
 (450,'R450',NULL,'2015-04-16 16:19:10','',NULL,1,'Mamuju Utara',30),
 (451,'R451',NULL,'2015-04-16 16:19:10','',NULL,1,'Polewali Mandar',30);
INSERT INTO `util_regencies` (`id`,`code`,`logChangedBy`,`logChangedOn`,`logCreatedBy`,`logCreatedOn`,`logSaveTimes`,`name`,`province_id`) VALUES 
 (452,'R452',NULL,'2015-04-16 16:19:10','',NULL,1,'Buru',31),
 (453,'R453',NULL,'2015-04-16 16:19:10','',NULL,1,'Buru Selatan',31),
 (454,'R454',NULL,'2015-04-16 16:19:10','',NULL,1,'Kepulauan Aru',31),
 (455,'R455',NULL,'2015-04-16 16:19:10','',NULL,1,'Maluku Barat Daya',31),
 (456,'R456',NULL,'2015-04-16 16:19:10','',NULL,1,'Maluku Tengah',31),
 (457,'R457',NULL,'2015-04-16 16:19:10','',NULL,1,'Maluku Tenggara',31),
 (458,'R458',NULL,'2015-04-16 16:19:10','',NULL,1,'Maluku Tenggara Barat',31),
 (459,'R459',NULL,'2015-04-16 16:19:10','',NULL,1,'Seram Bagian Barat',31),
 (460,'R460',NULL,'2015-04-16 16:19:10','',NULL,1,'Seram Bagian Timur',31),
 (461,'R461',NULL,'2015-04-16 16:19:10','',NULL,1,'Ambon',31),
 (462,'R462',NULL,'2015-04-16 16:19:10','',NULL,1,'Tual',31),
 (463,'R463',NULL,'2015-04-16 16:19:10','',NULL,1,'Halmahera Barat',32),
 (464,'R464',NULL,'2015-04-16 16:19:10','',NULL,1,'Halmahera Tengah',32),
 (465,'R465',NULL,'2015-04-16 16:19:10','',NULL,1,'Halmahera Utara',32);
INSERT INTO `util_regencies` (`id`,`code`,`logChangedBy`,`logChangedOn`,`logCreatedBy`,`logCreatedOn`,`logSaveTimes`,`name`,`province_id`) VALUES 
 (466,'R466',NULL,'2015-04-16 16:19:10','',NULL,1,'Halmahera Selatan',32),
 (467,'R467',NULL,'2015-04-16 16:19:10','',NULL,1,'Kepulauan Sula',32),
 (468,'R468',NULL,'2015-04-16 16:19:10','',NULL,1,'Halmahera Timur',32),
 (469,'R469',NULL,'2015-04-16 16:19:10','',NULL,1,'Pulau Morotai',32),
 (470,'R470',NULL,'2015-04-16 16:19:10','',NULL,1,'Pulau Taliabu',32),
 (471,'R471',NULL,'2015-04-16 16:19:10','',NULL,1,'Ternate',32),
 (472,'R472',NULL,'2015-04-16 16:19:10','',NULL,1,'Tidore Kepulauan',32),
 (473,'R473',NULL,'2015-04-16 16:19:10','',NULL,1,'Asmat',33),
 (474,'R474',NULL,'2015-04-16 16:19:10','',NULL,1,'Biak Numfor',33),
 (475,'R475',NULL,'2015-04-16 16:19:10','',NULL,1,'Boven Digoel',33),
 (476,'R476',NULL,'2015-04-16 16:19:10','',NULL,1,'Deiyai',33),
 (477,'R477',NULL,'2015-04-16 16:19:10','',NULL,1,'Dogiyai',33),
 (478,'R478',NULL,'2015-04-16 16:19:10','',NULL,1,'Intan Jaya',33),
 (479,'R479',NULL,'2015-04-16 16:19:10','',NULL,1,'Jayapura',33);
INSERT INTO `util_regencies` (`id`,`code`,`logChangedBy`,`logChangedOn`,`logCreatedBy`,`logCreatedOn`,`logSaveTimes`,`name`,`province_id`) VALUES 
 (480,'R480',NULL,'2015-04-16 16:19:10','',NULL,1,'Jayawijaya',33),
 (481,'R481',NULL,'2015-04-16 16:19:10','',NULL,1,'Keerom',33),
 (482,'R482',NULL,'2015-04-16 16:19:10','',NULL,1,'Kepulauan Yapen',33),
 (483,'R483',NULL,'2015-04-16 16:19:10','',NULL,1,'Lanny Jaya',33),
 (484,'R484',NULL,'2015-04-16 16:19:10','',NULL,1,'Mamberamo Raya',33),
 (485,'R485',NULL,'2015-04-16 16:19:10','',NULL,1,'Mamberamo Tengah',33),
 (486,'R486',NULL,'2015-04-16 16:19:10','',NULL,1,'Mappi',33),
 (487,'R487',NULL,'2015-04-16 16:19:10','',NULL,1,'Merauke',33),
 (488,'R488',NULL,'2015-04-16 16:19:10','',NULL,1,'Mimika',33),
 (489,'R489',NULL,'2015-04-16 16:19:10','',NULL,1,'Nabire',33),
 (490,'R490',NULL,'2015-04-16 16:19:10','',NULL,1,'Nduga',33),
 (491,'R491',NULL,'2015-04-16 16:19:10','',NULL,1,'Paniai',33),
 (492,'R492',NULL,'2015-04-16 16:19:10','',NULL,1,'Pegunungan Bintang',33),
 (493,'R493',NULL,'2015-04-16 16:19:10','',NULL,1,'Puncak',33);
INSERT INTO `util_regencies` (`id`,`code`,`logChangedBy`,`logChangedOn`,`logCreatedBy`,`logCreatedOn`,`logSaveTimes`,`name`,`province_id`) VALUES 
 (494,'R494',NULL,'2015-04-16 16:19:10','',NULL,1,'Puncak Jaya',33),
 (495,'R495',NULL,'2015-04-16 16:19:10','',NULL,1,'Sarmi',33),
 (496,'R496',NULL,'2015-04-16 16:19:10','',NULL,1,'Supiori',33),
 (497,'R497',NULL,'2015-04-16 16:19:10','',NULL,1,'Tolikara',33),
 (498,'R498',NULL,'2015-04-16 16:19:10','',NULL,1,'Waropen',33),
 (499,'R499',NULL,'2015-04-16 16:19:10','',NULL,1,'Yahukimo',33),
 (500,'R500',NULL,'2015-04-16 16:19:10','',NULL,1,'Yalimo',33),
 (501,'R501',NULL,'2015-04-16 16:19:10','',NULL,1,'Jayapura',33),
 (502,'R502',NULL,'2015-04-16 16:19:10','',NULL,1,'Fakfak',34),
 (503,'R503',NULL,'2015-04-16 16:19:10','',NULL,1,'Kaimana',34),
 (504,'R504',NULL,'2015-04-16 16:19:10','',NULL,1,'Manokwari',34),
 (505,'R505',NULL,'2015-04-16 16:19:10','',NULL,1,'Manokwari Selatan',34),
 (506,'R506',NULL,'2015-04-16 16:19:10','',NULL,1,'Maybrat',34),
 (507,'R507',NULL,'2015-04-16 16:19:10','',NULL,1,'Pegunungan Arfak',34);
INSERT INTO `util_regencies` (`id`,`code`,`logChangedBy`,`logChangedOn`,`logCreatedBy`,`logCreatedOn`,`logSaveTimes`,`name`,`province_id`) VALUES 
 (508,'R508',NULL,'2015-04-16 16:19:10','',NULL,1,'Raja Ampat',34),
 (509,'R509',NULL,'2015-04-16 16:19:10','',NULL,1,'Sorong',34),
 (510,'R510',NULL,'2015-04-16 16:19:10','',NULL,1,'Sorong Selatan',34),
 (511,'R511',NULL,'2015-04-16 16:19:10','',NULL,1,'Tambrauw',34),
 (512,'R512',NULL,'2015-04-16 16:19:10','',NULL,1,'Teluk Bintuni',34),
 (513,'R513',NULL,'2015-04-16 16:19:10','',NULL,1,'Teluk Wondama',34),
 (514,'R514',NULL,'2015-04-16 16:19:10','',NULL,1,'Sorong',34);
/*!40000 ALTER TABLE `util_regencies` ENABLE KEYS */;


--
-- Table structure for table `e_emergency`.`util_schedulers`
--

DROP TABLE IF EXISTS `util_schedulers`;
CREATE TABLE `util_schedulers` (
  `id` bigint(20) NOT NULL AUTO_INCREMENT,
  `active` bit(1) DEFAULT NULL,
  `appl` varchar(32) DEFAULT NULL,
  `code` varchar(8) DEFAULT NULL,
  `cronSchedule` varchar(32) DEFAULT NULL,
  `jobClassName` varchar(255) DEFAULT NULL,
  `lastCheckpointStatus` varchar(32) DEFAULT NULL,
  `lastCheckpointTime` datetime DEFAULT NULL,
  `logChangedBy` varchar(32) DEFAULT NULL,
  `logChangedOn` datetime DEFAULT NULL,
  `logCreatedBy` varchar(32) DEFAULT NULL,
  `logCreatedOn` datetime DEFAULT NULL,
  `logSaveTimes` int(11) DEFAULT NULL,
  `name` text,
  PRIMARY KEY (`id`)
) ENGINE=InnoDB DEFAULT CHARSET=latin1;

--
-- Dumping data for table `e_emergency`.`util_schedulers`
--

/*!40000 ALTER TABLE `util_schedulers` DISABLE KEYS */;
/*!40000 ALTER TABLE `util_schedulers` ENABLE KEYS */;


--
-- Table structure for table `e_emergency`.`util_user_childs`
--

DROP TABLE IF EXISTS `util_user_childs`;
CREATE TABLE `util_user_childs` (
  `id` bigint(20) NOT NULL AUTO_INCREMENT,
  `appl` varchar(32) DEFAULT NULL,
  `associativeArray` varchar(255) DEFAULT NULL,
  `className` varchar(255) DEFAULT NULL,
  `logChangedBy` varchar(32) DEFAULT NULL,
  `logChangedOn` datetime DEFAULT NULL,
  `logCreatedBy` varchar(32) DEFAULT NULL,
  `logCreatedOn` datetime DEFAULT NULL,
  `logSaveTimes` int(11) DEFAULT NULL,
  `user_id` bigint(20) DEFAULT NULL,
  PRIMARY KEY (`id`),
  KEY `FKC855510E60CAE997` (`user_id`),
  CONSTRAINT `FKC855510E60CAE997` FOREIGN KEY (`user_id`) REFERENCES `util_users` (`id`)
) ENGINE=InnoDB DEFAULT CHARSET=latin1;

--
-- Dumping data for table `e_emergency`.`util_user_childs`
--

/*!40000 ALTER TABLE `util_user_childs` DISABLE KEYS */;
/*!40000 ALTER TABLE `util_user_childs` ENABLE KEYS */;


--
-- Table structure for table `e_emergency`.`util_user_group_childs`
--

DROP TABLE IF EXISTS `util_user_group_childs`;
CREATE TABLE `util_user_group_childs` (
  `id` bigint(20) NOT NULL AUTO_INCREMENT,
  `appl` varchar(32) DEFAULT NULL,
  `associativeArray` varchar(255) DEFAULT NULL,
  `className` varchar(255) DEFAULT NULL,
  `logChangedBy` varchar(32) DEFAULT NULL,
  `logChangedOn` datetime DEFAULT NULL,
  `logCreatedBy` varchar(32) DEFAULT NULL,
  `logCreatedOn` datetime DEFAULT NULL,
  `logSaveTimes` int(11) DEFAULT NULL,
  `userGroup_id` bigint(20) DEFAULT NULL,
  PRIMARY KEY (`id`),
  KEY `FK7D2E158E60F4677D` (`userGroup_id`),
  CONSTRAINT `FK7D2E158E60F4677D` FOREIGN KEY (`userGroup_id`) REFERENCES `util_user_groups` (`id`)
) ENGINE=InnoDB DEFAULT CHARSET=latin1;

--
-- Dumping data for table `e_emergency`.`util_user_group_childs`
--

/*!40000 ALTER TABLE `util_user_group_childs` DISABLE KEYS */;
/*!40000 ALTER TABLE `util_user_group_childs` ENABLE KEYS */;


--
-- Table structure for table `e_emergency`.`util_user_group_ips`
--

DROP TABLE IF EXISTS `util_user_group_ips`;
CREATE TABLE `util_user_group_ips` (
  `id` bigint(20) NOT NULL AUTO_INCREMENT,
  `appl` varchar(32) DEFAULT NULL,
  `ip` varchar(40) DEFAULT NULL,
  `logChangedBy` varchar(32) DEFAULT NULL,
  `logChangedOn` datetime DEFAULT NULL,
  `logCreatedBy` varchar(32) DEFAULT NULL,
  `logCreatedOn` datetime DEFAULT NULL,
  `logSaveTimes` int(11) DEFAULT NULL,
  `userGroup_id` bigint(20) DEFAULT NULL,
  PRIMARY KEY (`id`),
  KEY `FKADA384D560F4677D` (`userGroup_id`),
  CONSTRAINT `FKADA384D560F4677D` FOREIGN KEY (`userGroup_id`) REFERENCES `util_user_groups` (`id`)
) ENGINE=InnoDB DEFAULT CHARSET=latin1;

--
-- Dumping data for table `e_emergency`.`util_user_group_ips`
--

/*!40000 ALTER TABLE `util_user_group_ips` DISABLE KEYS */;
/*!40000 ALTER TABLE `util_user_group_ips` ENABLE KEYS */;


--
-- Table structure for table `e_emergency`.`util_user_group_privileges`
--

DROP TABLE IF EXISTS `util_user_group_privileges`;
CREATE TABLE `util_user_group_privileges` (
  `id` bigint(20) NOT NULL AUTO_INCREMENT,
  `appl` varchar(32) DEFAULT NULL,
  `logChangedBy` varchar(32) DEFAULT NULL,
  `logChangedOn` datetime DEFAULT NULL,
  `logCreatedBy` varchar(32) DEFAULT NULL,
  `logCreatedOn` datetime DEFAULT NULL,
  `logSaveTimes` int(11) DEFAULT NULL,
  `privilege_id` bigint(20) DEFAULT NULL,
  `userGroup_id` bigint(20) DEFAULT NULL,
  PRIMARY KEY (`id`),
  KEY `FKB1A71319D762667D` (`privilege_id`),
  KEY `FKB1A7131960F4677D` (`userGroup_id`),
  CONSTRAINT `FKB1A7131960F4677D` FOREIGN KEY (`userGroup_id`) REFERENCES `util_user_groups` (`id`),
  CONSTRAINT `FKB1A71319D762667D` FOREIGN KEY (`privilege_id`) REFERENCES `util_privileges` (`id`)
) ENGINE=InnoDB AUTO_INCREMENT=69 DEFAULT CHARSET=latin1;

--
-- Dumping data for table `e_emergency`.`util_user_group_privileges`
--

/*!40000 ALTER TABLE `util_user_group_privileges` DISABLE KEYS */;
INSERT INTO `util_user_group_privileges` (`id`,`appl`,`logChangedBy`,`logChangedOn`,`logCreatedBy`,`logCreatedOn`,`logSaveTimes`,`privilege_id`,`userGroup_id`) VALUES 
 (1,'e-emergency-zk',NULL,NULL,NULL,'2015-04-16 16:19:11',0,1,1),
 (2,'e-emergency-zk',NULL,NULL,NULL,'2015-04-16 16:19:11',0,2,1),
 (3,'e-emergency-zk',NULL,NULL,NULL,'2015-04-16 16:19:11',0,3,1),
 (4,'e-emergency-zk',NULL,NULL,NULL,'2015-04-16 16:19:11',0,4,1),
 (5,'e-emergency-zk',NULL,NULL,NULL,'2015-04-16 16:19:11',0,5,1),
 (6,'e-emergency-zk',NULL,NULL,NULL,'2015-04-16 16:19:11',0,6,1),
 (7,'e-emergency-zk',NULL,NULL,NULL,'2015-04-16 16:19:11',0,7,1),
 (8,'e-emergency-zk',NULL,NULL,NULL,'2015-04-16 16:19:11',0,8,1),
 (9,'e-emergency-zk',NULL,NULL,NULL,'2015-04-16 16:19:11',0,9,1),
 (10,'e-emergency-zk',NULL,NULL,NULL,'2015-04-16 16:19:11',0,10,1),
 (11,'e-emergency-zk',NULL,NULL,NULL,'2015-04-16 16:19:11',0,11,1),
 (12,'e-emergency-zk',NULL,NULL,NULL,'2015-04-16 16:19:11',0,12,1),
 (13,'e-emergency-zk',NULL,NULL,NULL,'2015-04-16 16:19:11',0,13,1),
 (14,'e-emergency-zk',NULL,NULL,NULL,'2015-04-16 16:19:11',0,14,1);
INSERT INTO `util_user_group_privileges` (`id`,`appl`,`logChangedBy`,`logChangedOn`,`logCreatedBy`,`logCreatedOn`,`logSaveTimes`,`privilege_id`,`userGroup_id`) VALUES 
 (15,'e-emergency-zk',NULL,NULL,NULL,'2015-04-16 16:19:11',0,15,1),
 (16,'e-emergency-zk',NULL,NULL,NULL,'2015-04-16 16:19:11',0,16,1),
 (17,'e-emergency-zk',NULL,NULL,NULL,'2015-04-16 16:19:11',0,17,1),
 (18,'e-emergency-zk',NULL,NULL,NULL,'2015-04-16 16:19:11',0,18,1),
 (19,'e-emergency-zk',NULL,NULL,NULL,'2015-04-16 16:19:11',0,19,1),
 (20,'e-emergency-zk',NULL,NULL,NULL,'2015-04-16 16:19:11',0,20,1),
 (21,'e-emergency-zk',NULL,NULL,NULL,'2015-04-16 16:19:11',0,21,1),
 (22,'e-emergency-zk',NULL,NULL,NULL,'2015-04-16 16:19:11',0,22,1),
 (23,'e-emergency-zk',NULL,NULL,NULL,'2015-04-16 16:19:11',0,23,1),
 (24,'e-emergency-zk',NULL,NULL,NULL,'2015-04-16 16:19:11',0,24,1),
 (25,'e-emergency-zk',NULL,NULL,NULL,'2015-04-16 16:19:11',0,25,1),
 (26,'e-emergency-zk',NULL,NULL,NULL,'2015-04-16 16:19:11',0,26,1),
 (27,'e-emergency-zk',NULL,NULL,NULL,'2015-04-16 16:19:11',0,27,1),
 (28,'e-emergency-zk',NULL,NULL,NULL,'2015-04-16 16:19:11',0,28,1);
INSERT INTO `util_user_group_privileges` (`id`,`appl`,`logChangedBy`,`logChangedOn`,`logCreatedBy`,`logCreatedOn`,`logSaveTimes`,`privilege_id`,`userGroup_id`) VALUES 
 (29,'e-emergency-zk',NULL,NULL,NULL,'2015-04-16 16:19:11',0,29,1),
 (30,'e-emergency-zk',NULL,NULL,NULL,'2015-04-16 16:19:11',0,30,1),
 (31,'e-emergency-zk',NULL,NULL,NULL,'2015-04-16 16:19:11',0,31,1),
 (32,'e-emergency-zk',NULL,NULL,NULL,'2015-04-16 16:19:11',0,32,1),
 (33,'e-emergency-zk',NULL,NULL,NULL,'2015-04-16 16:19:11',0,33,1),
 (34,'e-emergency-zk',NULL,NULL,NULL,'2015-04-16 16:19:11',0,34,1),
 (35,'e-emergency-zk',NULL,NULL,NULL,'2015-04-16 16:19:12',0,1,2),
 (36,'e-emergency-zk',NULL,NULL,NULL,'2015-04-16 16:19:12',0,2,2),
 (37,'e-emergency-zk',NULL,NULL,NULL,'2015-04-16 16:19:12',0,3,2),
 (38,'e-emergency-zk',NULL,NULL,NULL,'2015-04-16 16:19:12',0,4,2),
 (39,'e-emergency-zk',NULL,NULL,NULL,'2015-04-16 16:19:12',0,5,2),
 (40,'e-emergency-zk',NULL,NULL,NULL,'2015-04-16 16:19:12',0,6,2),
 (41,'e-emergency-zk',NULL,NULL,NULL,'2015-04-16 16:19:12',0,7,2),
 (42,'e-emergency-zk',NULL,NULL,NULL,'2015-04-16 16:19:12',0,8,2);
INSERT INTO `util_user_group_privileges` (`id`,`appl`,`logChangedBy`,`logChangedOn`,`logCreatedBy`,`logCreatedOn`,`logSaveTimes`,`privilege_id`,`userGroup_id`) VALUES 
 (43,'e-emergency-zk',NULL,NULL,NULL,'2015-04-16 16:19:12',0,9,2),
 (44,'e-emergency-zk',NULL,NULL,NULL,'2015-04-16 16:19:12',0,10,2),
 (45,'e-emergency-zk',NULL,NULL,NULL,'2015-04-16 16:19:12',0,11,2),
 (46,'e-emergency-zk',NULL,NULL,NULL,'2015-04-16 16:19:12',0,12,2),
 (47,'e-emergency-zk',NULL,NULL,NULL,'2015-04-16 16:19:12',0,13,2),
 (48,'e-emergency-zk',NULL,NULL,NULL,'2015-04-16 16:19:12',0,14,2),
 (49,'e-emergency-zk',NULL,NULL,NULL,'2015-04-16 16:19:12',0,15,2),
 (50,'e-emergency-zk',NULL,NULL,NULL,'2015-04-16 16:19:12',0,16,2),
 (51,'e-emergency-zk',NULL,NULL,NULL,'2015-04-16 16:19:12',0,17,2),
 (52,'e-emergency-zk',NULL,NULL,NULL,'2015-04-16 16:19:12',0,18,2),
 (53,'e-emergency-zk',NULL,NULL,NULL,'2015-04-16 16:19:12',0,19,2),
 (54,'e-emergency-zk',NULL,NULL,NULL,'2015-04-16 16:19:12',0,20,2),
 (55,'e-emergency-zk',NULL,NULL,NULL,'2015-04-16 16:19:12',0,21,2),
 (56,'e-emergency-zk',NULL,NULL,NULL,'2015-04-16 16:19:12',0,22,2);
INSERT INTO `util_user_group_privileges` (`id`,`appl`,`logChangedBy`,`logChangedOn`,`logCreatedBy`,`logCreatedOn`,`logSaveTimes`,`privilege_id`,`userGroup_id`) VALUES 
 (57,'e-emergency-zk',NULL,NULL,NULL,'2015-04-16 16:19:12',0,23,2),
 (58,'e-emergency-zk',NULL,NULL,NULL,'2015-04-16 16:19:12',0,24,2),
 (59,'e-emergency-zk',NULL,NULL,NULL,'2015-04-16 16:19:12',0,25,2),
 (60,'e-emergency-zk',NULL,NULL,NULL,'2015-04-16 16:19:12',0,26,2),
 (61,'e-emergency-zk',NULL,NULL,NULL,'2015-04-16 16:19:12',0,27,2),
 (62,'e-emergency-zk',NULL,NULL,NULL,'2015-04-16 16:19:12',0,28,2),
 (63,'e-emergency-zk',NULL,NULL,NULL,'2015-04-16 16:19:12',0,29,2),
 (64,'e-emergency-zk',NULL,NULL,NULL,'2015-04-16 16:19:12',0,30,2),
 (65,'e-emergency-zk',NULL,NULL,NULL,'2015-04-16 16:19:12',0,31,2),
 (66,'e-emergency-zk',NULL,NULL,NULL,'2015-04-16 16:19:12',0,32,2),
 (67,'e-emergency-zk',NULL,NULL,NULL,'2015-04-16 16:19:12',0,33,2),
 (68,'e-emergency-zk',NULL,NULL,NULL,'2015-04-16 16:19:12',0,34,2);
/*!40000 ALTER TABLE `util_user_group_privileges` ENABLE KEYS */;


--
-- Table structure for table `e_emergency`.`util_user_groups`
--

DROP TABLE IF EXISTS `util_user_groups`;
CREATE TABLE `util_user_groups` (
  `id` bigint(20) NOT NULL AUTO_INCREMENT,
  `appl` varchar(32) DEFAULT NULL,
  `code` varchar(8) DEFAULT NULL,
  `logChangedBy` varchar(32) DEFAULT NULL,
  `logChangedOn` datetime DEFAULT NULL,
  `logCreatedBy` varchar(32) DEFAULT NULL,
  `logCreatedOn` datetime DEFAULT NULL,
  `logSaveTimes` int(11) DEFAULT NULL,
  `name` varchar(32) DEFAULT NULL,
  `root` bit(1) DEFAULT NULL,
  PRIMARY KEY (`id`)
) ENGINE=InnoDB AUTO_INCREMENT=5 DEFAULT CHARSET=latin1;

--
-- Dumping data for table `e_emergency`.`util_user_groups`
--

/*!40000 ALTER TABLE `util_user_groups` DISABLE KEYS */;
INSERT INTO `util_user_groups` (`id`,`appl`,`code`,`logChangedBy`,`logChangedOn`,`logCreatedBy`,`logCreatedOn`,`logSaveTimes`,`name`,`root`) VALUES 
 (1,'e-emergency-zk','root',NULL,NULL,NULL,'2015-04-16 16:19:11',0,'root',''),
 (2,'e-emergency-zk','admin',NULL,NULL,NULL,'2015-04-16 16:19:12',0,'admin','\0'),
 (3,'e-emergency-zk','hospital',NULL,NULL,'admin','2015-04-16 17:02:21',0,'hospital','\0'),
 (4,'e-emergency-zk','doctor',NULL,NULL,'admin','2015-04-16 17:02:29',0,'doctor','\0');
/*!40000 ALTER TABLE `util_user_groups` ENABLE KEYS */;


--
-- Table structure for table `e_emergency`.`util_user_ips`
--

DROP TABLE IF EXISTS `util_user_ips`;
CREATE TABLE `util_user_ips` (
  `id` bigint(20) NOT NULL AUTO_INCREMENT,
  `appl` varchar(32) DEFAULT NULL,
  `ip` varchar(40) DEFAULT NULL,
  `logChangedBy` varchar(32) DEFAULT NULL,
  `logChangedOn` datetime DEFAULT NULL,
  `logCreatedBy` varchar(32) DEFAULT NULL,
  `logCreatedOn` datetime DEFAULT NULL,
  `logSaveTimes` int(11) DEFAULT NULL,
  `user_id` bigint(20) DEFAULT NULL,
  PRIMARY KEY (`id`),
  KEY `FK94B1F95560CAE997` (`user_id`),
  CONSTRAINT `FK94B1F95560CAE997` FOREIGN KEY (`user_id`) REFERENCES `util_users` (`id`)
) ENGINE=InnoDB DEFAULT CHARSET=latin1;

--
-- Dumping data for table `e_emergency`.`util_user_ips`
--

/*!40000 ALTER TABLE `util_user_ips` DISABLE KEYS */;
/*!40000 ALTER TABLE `util_user_ips` ENABLE KEYS */;


--
-- Table structure for table `e_emergency`.`util_user_privileges`
--

DROP TABLE IF EXISTS `util_user_privileges`;
CREATE TABLE `util_user_privileges` (
  `id` bigint(20) NOT NULL AUTO_INCREMENT,
  `appl` varchar(32) DEFAULT NULL,
  `logChangedBy` varchar(32) DEFAULT NULL,
  `logChangedOn` datetime DEFAULT NULL,
  `logCreatedBy` varchar(32) DEFAULT NULL,
  `logCreatedOn` datetime DEFAULT NULL,
  `logSaveTimes` int(11) DEFAULT NULL,
  `privilege_id` bigint(20) DEFAULT NULL,
  `user_id` bigint(20) DEFAULT NULL,
  PRIMARY KEY (`id`),
  KEY `FK57C48E99D762667D` (`privilege_id`),
  KEY `FK57C48E9960CAE997` (`user_id`),
  CONSTRAINT `FK57C48E9960CAE997` FOREIGN KEY (`user_id`) REFERENCES `util_users` (`id`),
  CONSTRAINT `FK57C48E99D762667D` FOREIGN KEY (`privilege_id`) REFERENCES `util_privileges` (`id`)
) ENGINE=InnoDB AUTO_INCREMENT=69 DEFAULT CHARSET=latin1;

--
-- Dumping data for table `e_emergency`.`util_user_privileges`
--

/*!40000 ALTER TABLE `util_user_privileges` DISABLE KEYS */;
INSERT INTO `util_user_privileges` (`id`,`appl`,`logChangedBy`,`logChangedOn`,`logCreatedBy`,`logCreatedOn`,`logSaveTimes`,`privilege_id`,`user_id`) VALUES 
 (1,'e-emergency-zk',NULL,NULL,NULL,'2015-04-16 16:19:11',0,1,1),
 (2,'e-emergency-zk',NULL,NULL,NULL,'2015-04-16 16:19:11',0,2,1),
 (3,'e-emergency-zk',NULL,NULL,NULL,'2015-04-16 16:19:11',0,3,1),
 (4,'e-emergency-zk',NULL,NULL,NULL,'2015-04-16 16:19:11',0,4,1),
 (5,'e-emergency-zk',NULL,NULL,NULL,'2015-04-16 16:19:11',0,5,1),
 (6,'e-emergency-zk',NULL,NULL,NULL,'2015-04-16 16:19:11',0,6,1),
 (7,'e-emergency-zk',NULL,NULL,NULL,'2015-04-16 16:19:11',0,7,1),
 (8,'e-emergency-zk',NULL,NULL,NULL,'2015-04-16 16:19:11',0,8,1),
 (9,'e-emergency-zk',NULL,NULL,NULL,'2015-04-16 16:19:11',0,9,1),
 (10,'e-emergency-zk',NULL,NULL,NULL,'2015-04-16 16:19:11',0,10,1),
 (11,'e-emergency-zk',NULL,NULL,NULL,'2015-04-16 16:19:11',0,11,1),
 (12,'e-emergency-zk',NULL,NULL,NULL,'2015-04-16 16:19:11',0,12,1),
 (13,'e-emergency-zk',NULL,NULL,NULL,'2015-04-16 16:19:11',0,13,1),
 (14,'e-emergency-zk',NULL,NULL,NULL,'2015-04-16 16:19:11',0,14,1);
INSERT INTO `util_user_privileges` (`id`,`appl`,`logChangedBy`,`logChangedOn`,`logCreatedBy`,`logCreatedOn`,`logSaveTimes`,`privilege_id`,`user_id`) VALUES 
 (15,'e-emergency-zk',NULL,NULL,NULL,'2015-04-16 16:19:11',0,15,1),
 (16,'e-emergency-zk',NULL,NULL,NULL,'2015-04-16 16:19:11',0,16,1),
 (17,'e-emergency-zk',NULL,NULL,NULL,'2015-04-16 16:19:11',0,17,1),
 (18,'e-emergency-zk',NULL,NULL,NULL,'2015-04-16 16:19:11',0,18,1),
 (19,'e-emergency-zk',NULL,NULL,NULL,'2015-04-16 16:19:11',0,19,1),
 (20,'e-emergency-zk',NULL,NULL,NULL,'2015-04-16 16:19:11',0,20,1),
 (21,'e-emergency-zk',NULL,NULL,NULL,'2015-04-16 16:19:11',0,21,1),
 (22,'e-emergency-zk',NULL,NULL,NULL,'2015-04-16 16:19:11',0,22,1),
 (23,'e-emergency-zk',NULL,NULL,NULL,'2015-04-16 16:19:11',0,23,1),
 (24,'e-emergency-zk',NULL,NULL,NULL,'2015-04-16 16:19:12',0,24,1),
 (25,'e-emergency-zk',NULL,NULL,NULL,'2015-04-16 16:19:12',0,25,1),
 (26,'e-emergency-zk',NULL,NULL,NULL,'2015-04-16 16:19:12',0,26,1),
 (27,'e-emergency-zk',NULL,NULL,NULL,'2015-04-16 16:19:12',0,27,1),
 (28,'e-emergency-zk',NULL,NULL,NULL,'2015-04-16 16:19:12',0,28,1);
INSERT INTO `util_user_privileges` (`id`,`appl`,`logChangedBy`,`logChangedOn`,`logCreatedBy`,`logCreatedOn`,`logSaveTimes`,`privilege_id`,`user_id`) VALUES 
 (29,'e-emergency-zk',NULL,NULL,NULL,'2015-04-16 16:19:12',0,29,1),
 (30,'e-emergency-zk',NULL,NULL,NULL,'2015-04-16 16:19:12',0,30,1),
 (31,'e-emergency-zk',NULL,NULL,NULL,'2015-04-16 16:19:12',0,31,1),
 (32,'e-emergency-zk',NULL,NULL,NULL,'2015-04-16 16:19:12',0,32,1),
 (33,'e-emergency-zk',NULL,NULL,NULL,'2015-04-16 16:19:12',0,33,1),
 (34,'e-emergency-zk',NULL,NULL,NULL,'2015-04-16 16:19:12',0,34,1),
 (35,'e-emergency-zk',NULL,NULL,NULL,'2015-04-16 16:19:12',0,1,2),
 (36,'e-emergency-zk',NULL,NULL,NULL,'2015-04-16 16:19:12',0,2,2),
 (37,'e-emergency-zk',NULL,NULL,NULL,'2015-04-16 16:19:12',0,3,2),
 (38,'e-emergency-zk',NULL,NULL,NULL,'2015-04-16 16:19:12',0,4,2),
 (39,'e-emergency-zk',NULL,NULL,NULL,'2015-04-16 16:19:12',0,5,2),
 (40,'e-emergency-zk',NULL,NULL,NULL,'2015-04-16 16:19:12',0,6,2),
 (41,'e-emergency-zk',NULL,NULL,NULL,'2015-04-16 16:19:12',0,7,2),
 (42,'e-emergency-zk',NULL,NULL,NULL,'2015-04-16 16:19:12',0,8,2);
INSERT INTO `util_user_privileges` (`id`,`appl`,`logChangedBy`,`logChangedOn`,`logCreatedBy`,`logCreatedOn`,`logSaveTimes`,`privilege_id`,`user_id`) VALUES 
 (43,'e-emergency-zk',NULL,NULL,NULL,'2015-04-16 16:19:12',0,9,2),
 (44,'e-emergency-zk',NULL,NULL,NULL,'2015-04-16 16:19:12',0,10,2),
 (45,'e-emergency-zk',NULL,NULL,NULL,'2015-04-16 16:19:12',0,11,2),
 (46,'e-emergency-zk',NULL,NULL,NULL,'2015-04-16 16:19:12',0,12,2),
 (47,'e-emergency-zk',NULL,NULL,NULL,'2015-04-16 16:19:12',0,13,2),
 (48,'e-emergency-zk',NULL,NULL,NULL,'2015-04-16 16:19:12',0,14,2),
 (49,'e-emergency-zk',NULL,NULL,NULL,'2015-04-16 16:19:12',0,15,2),
 (50,'e-emergency-zk',NULL,NULL,NULL,'2015-04-16 16:19:12',0,16,2),
 (51,'e-emergency-zk',NULL,NULL,NULL,'2015-04-16 16:19:12',0,17,2),
 (52,'e-emergency-zk',NULL,NULL,NULL,'2015-04-16 16:19:12',0,18,2),
 (53,'e-emergency-zk',NULL,NULL,NULL,'2015-04-16 16:19:12',0,19,2),
 (54,'e-emergency-zk',NULL,NULL,NULL,'2015-04-16 16:19:12',0,20,2),
 (55,'e-emergency-zk',NULL,NULL,NULL,'2015-04-16 16:19:12',0,21,2),
 (56,'e-emergency-zk',NULL,NULL,NULL,'2015-04-16 16:19:12',0,22,2);
INSERT INTO `util_user_privileges` (`id`,`appl`,`logChangedBy`,`logChangedOn`,`logCreatedBy`,`logCreatedOn`,`logSaveTimes`,`privilege_id`,`user_id`) VALUES 
 (57,'e-emergency-zk',NULL,NULL,NULL,'2015-04-16 16:19:12',0,23,2),
 (58,'e-emergency-zk',NULL,NULL,NULL,'2015-04-16 16:19:12',0,24,2),
 (59,'e-emergency-zk',NULL,NULL,NULL,'2015-04-16 16:19:12',0,25,2),
 (60,'e-emergency-zk',NULL,NULL,NULL,'2015-04-16 16:19:12',0,26,2),
 (61,'e-emergency-zk',NULL,NULL,NULL,'2015-04-16 16:19:12',0,27,2),
 (62,'e-emergency-zk',NULL,NULL,NULL,'2015-04-16 16:19:12',0,28,2),
 (63,'e-emergency-zk',NULL,NULL,NULL,'2015-04-16 16:19:12',0,29,2),
 (64,'e-emergency-zk',NULL,NULL,NULL,'2015-04-16 16:19:12',0,30,2),
 (65,'e-emergency-zk',NULL,NULL,NULL,'2015-04-16 16:19:12',0,31,2),
 (66,'e-emergency-zk',NULL,NULL,NULL,'2015-04-16 16:19:12',0,32,2),
 (67,'e-emergency-zk',NULL,NULL,NULL,'2015-04-16 16:19:12',0,33,2),
 (68,'e-emergency-zk',NULL,NULL,NULL,'2015-04-16 16:19:12',0,34,2);
/*!40000 ALTER TABLE `util_user_privileges` ENABLE KEYS */;


--
-- Table structure for table `e_emergency`.`util_users`
--

DROP TABLE IF EXISTS `util_users`;
CREATE TABLE `util_users` (
  `id` bigint(20) NOT NULL AUTO_INCREMENT,
  `active` bit(1) DEFAULT NULL,
  `appl` varchar(32) DEFAULT NULL,
  `fullname` varchar(255) DEFAULT NULL,
  `logChangedBy` varchar(32) DEFAULT NULL,
  `logChangedOn` datetime DEFAULT NULL,
  `logCreatedBy` varchar(32) DEFAULT NULL,
  `logCreatedOn` datetime DEFAULT NULL,
  `logSaveTimes` int(11) DEFAULT NULL,
  `password` varchar(32) DEFAULT NULL,
  `username` varchar(32) DEFAULT NULL,
  `userGroup_id` bigint(20) DEFAULT NULL,
  PRIMARY KEY (`id`),
  KEY `FK69D2578B60F4677D` (`userGroup_id`),
  CONSTRAINT `FK69D2578B60F4677D` FOREIGN KEY (`userGroup_id`) REFERENCES `util_user_groups` (`id`)
) ENGINE=InnoDB AUTO_INCREMENT=5 DEFAULT CHARSET=latin1;

--
-- Dumping data for table `e_emergency`.`util_users`
--

/*!40000 ALTER TABLE `util_users` DISABLE KEYS */;
INSERT INTO `util_users` (`id`,`active`,`appl`,`fullname`,`logChangedBy`,`logChangedOn`,`logCreatedBy`,`logCreatedOn`,`logSaveTimes`,`password`,`username`,`userGroup_id`) VALUES 
 (1,'','e-emergency-zk','root',NULL,NULL,NULL,'2015-04-16 16:19:11',0,'63a9f0ea7bb98050796b649e85481845','root',1),
 (2,'','e-emergency-zk','admin',NULL,NULL,NULL,'2015-04-16 16:19:12',0,'21232f297a57a5a743894a0e4a801fc3','admin',2),
 (3,'','e-emergency-zk','Rumah Sakit PGI Cikini',NULL,NULL,'admin','2015-04-17 00:11:47',0,'94b7e72e38fa09c18ef7e8d60e70c389','H001',3),
 (4,'','e-emergency-zk','Karuniawan Purwanto, Dr., SpBO (K)',NULL,NULL,'admin','2015-04-17 00:16:53',0,'d5cbf528f740b502b79241ff873ce6c5','D001',4);
/*!40000 ALTER TABLE `util_users` ENABLE KEYS */;

/*!40101 SET SQL_MODE=@OLD_SQL_MODE */;
/*!40014 SET FOREIGN_KEY_CHECKS=@OLD_FOREIGN_KEY_CHECKS */;
/*!40014 SET UNIQUE_CHECKS=@OLD_UNIQUE_CHECKS */;
/*!40101 SET CHARACTER_SET_CLIENT=@OLD_CHARACTER_SET_CLIENT */;
/*!40101 SET CHARACTER_SET_RESULTS=@OLD_CHARACTER_SET_RESULTS */;
/*!40101 SET COLLATION_CONNECTION=@OLD_COLLATION_CONNECTION */;
/*!40101 SET CHARACTER_SET_CLIENT=@OLD_CHARACTER_SET_CLIENT */;
